state,submission_date,submission_date,tot_cases,conf_cases,prob_cases,new_case,pnew_case,tot_death,conf_death,prob_death,new_death,pnew_death
AK,1,2020,0,0.0,0.0,0,0.0,0,0.0,0.0,0,0.0
AK,1,2021,1547357,0.0,0.0,6991,0.0,9301,0.0,0.0,27,0.0
AK,2,2020,0,0.0,0.0,0,0.0,0,0.0,0.0,0,0.0
AK,2,2021,1529870,0.0,0.0,3569,0.0,8788,0.0,0.0,15,0.0
AK,3,2020,793,0.0,0.0,128,0.0,36,0.0,0.0,6,0.0
AK,3,2021,1810250,0.0,0.0,4207,0.0,10287,0.0,0.0,17,0.0
AK,4,2020,8290,0.0,0.0,227,0.0,251,0.0,0.0,3,0.0
AK,4,2021,1894334,0.0,0.0,4871,0.0,10223,0.0,0.0,1,0.0
AK,5,2020,12268,0.0,0.0,108,0.0,331,0.0,0.0,4,0.0
AK,5,2021,2067016,0.0,0.0,2072,0.0,10929,0.0,0.0,21,0.0
AK,6,2020,20522,0.0,0.0,481,0.0,464,0.0,0.0,4,0.0
AK,6,2021,2038239,0.0,0.0,898,0.0,10951,0.0,0.0,8,0.0
AK,7,2020,55739,0.0,0.0,2049,0.0,777,0.0,0.0,16,0.0
AK,7,2021,1733590,0.0,0.0,2372,0.0,9323,0.0,0.0,7,0.0
AK,8,2020,131204,0.0,0.0,2297,0.0,1410,0.0,0.0,19,0.0
AK,9,2020,195280,0.0,0.0,2601,0.0,1815,0.0,0.0,17,0.0
AK,10,2020,340005,0.0,0.0,7507,0.0,2780,0.0,0.0,47,0.0
AK,11,2020,697820,0.0,0.0,16395,0.0,4711,0.0,0.0,89,0.0
AK,12,2020,1255548,0.0,0.0,13978,0.0,7898,0.0,0.0,76,0.0
AL,1,2020,378,316.0,62.0,44,8.0,0,0.0,0.0,0,0.0
AL,1,2021,13829242,10848138.0,2981104.0,93140,26417.0,261442,211361.0,50081.0,2378,645.0
AL,2,2020,1951,1624.0,327.0,56,8.0,3,0.0,3.0,1,1.0
AL,2,2021,14091363,10933868.0,3157495.0,30094,8800.0,283483,226352.0,57131.0,964,199.0
AL,3,2020,32680,30619.0,2061.0,3143,158.0,244,193.0,51.0,48,2.0
AL,3,2021,16186975,12517994.0,3668981.0,13386,3947.0,332531,265241.0,67290.0,381,89.0
AL,4,2020,196379,186451.0,9928.0,6786,282.0,6211,5877.0,334.0,336,16.0
AL,4,2021,16024465,12369557.0,3654908.0,11871,3467.0,330090,263314.0,66776.0,210,38.0
AL,5,2020,482919,463579.0,19340.0,12037,351.0,19709,18601.0,1108.0,480,37.0
AL,5,2021,16883533,13011330.0,3872203.0,8003,2407.0,347584,277193.0,70391.0,201,37.0
AL,6,2020,997136,960462.0,36674.0,25540,1063.0,33118,30820.0,2298.0,477,45.0
AL,6,2021,16510182,12708386.0,3801796.0,5057,1672.0,340962,271856.0,69106.0,117,29.0
AL,7,2020,2396318,2236528.0,159790.0,56967,7087.0,54766,50317.0,4449.0,959,105.0
AL,7,2021,13989355,10746047.0,3243308.0,19099,5895.0,286109,228150.0,57959.0,65,6.0
AL,8,2020,3845030,3444260.0,400770.0,36567,8688.0,89922,80088.0,9834.0,1057,206.0
AL,9,2020,4674118,4034282.0,639836.0,26999,6303.0,111347,97227.0,14120.0,615,112.0
AL,10,2020,5732078,4880093.0,851985.0,34840,7535.0,132784,114386.0,18398.0,595,128.0
AL,11,2020,6992996,5836677.0,1156319.0,65369,15581.0,148375,126268.0,22107.0,802,190.0
AL,12,2020,10201402,8244314.0,1957088.0,123069,33838.0,192332,160062.0,32270.0,1795,435.0
AR,1,2020,0,0.0,0.0,0,0.0,0,0.0,0.0,0,0.0
AR,1,2021,8247143,0.0,0.0,70130,21246.0,132923,0.0,0.0,1192,365.0
AR,2,2020,0,0.0,0.0,0,0.0,0,0.0,0.0,0,0.0
AR,2,2021,8718837,0.0,0.0,27147,8785.0,146201,0.0,0.0,375,39.0
AR,3,2020,3952,0.0,0.0,560,0.0,36,0.0,0.0,8,0.0
AR,3,2021,10140927,0.0,0.0,7983,2656.0,169225,0.0,0.0,383,150.0
AR,4,2020,53117,0.0,0.0,2695,0.0,1008,0.0,0.0,53,0.0
AR,4,2021,9990537,0.0,0.0,5327,1772.0,170566,0.0,0.0,113,38.0
AR,5,2020,150233,0.0,0.0,3998,0.0,3139,0.0,0.0,72,0.0
AR,5,2021,10502727,0.0,0.0,5656,1871.0,179528,0.0,0.0,94,25.0
AR,6,2020,402154,0.0,0.0,13524,0.0,5897,0.0,0.0,137,0.0
AR,6,2021,10343376,0.0,0.0,8004,2950.0,176052,0.0,0.0,76,9.0
AR,7,2020,972436,0.0,0.0,21734,0.0,10829,0.0,0.0,183,0.0
AR,7,2021,9003907,0.0,0.0,25965,8041.0,149313,0.0,0.0,145,23.0
AR,8,2020,1633930,0.0,0.0,18713,0.0,19077,0.0,0.0,344,0.0
AR,9,2020,2173136,0.0,0.0,22473,3087.0,32388,0.0,0.0,572,146.0
AR,10,2020,3025302,0.0,0.0,28493,5621.0,51330,0.0,0.0,556,21.0
AR,11,2020,4031073,0.0,0.0,45169,10595.0,66765,0.0,0.0,577,40.0
AR,12,2020,5960217,0.0,0.0,67779,19051.0,95239,0.0,0.0,1174,381.0
AS,1,2020,0,0.0,0.0,0,0.0,0,0.0,0.0,0,0.0
AS,1,2021,93,0.0,0.0,0,0.0,0,0.0,0.0,0,0.0
AS,2,2020,0,0.0,0.0,0,0.0,0,0.0,0.0,0,0.0
AS,2,2021,100,0.0,0.0,1,0.0,0,0.0,0.0,0,0.0
AS,3,2020,0,0.0,0.0,0,0.0,0,0.0,0.0,0,0.0
AS,3,2021,100,0.0,0.0,-4,0.0,0,0.0,0.0,0,0.0
AS,4,2020,0,0.0,0.0,0,0.0,0,0.0,0.0,0,0.0
AS,4,2021,0,0.0,0.0,0,0.0,0,0.0,0.0,0,0.0
AS,5,2020,0,0.0,0.0,0,0.0,0,0.0,0.0,0,0.0
AS,5,2021,0,0.0,0.0,0,0.0,0,0.0,0.0,0,0.0
AS,6,2020,0,0.0,0.0,0,0.0,0,0.0,0.0,0,0.0
AS,6,2021,0,0.0,0.0,0,0.0,0,0.0,0.0,0,0.0
AS,7,2020,0,0.0,0.0,0,0.0,0,0.0,0.0,0,0.0
AS,7,2021,0,0.0,0.0,0,0.0,0,0.0,0.0,0,0.0
AS,8,2020,0,0.0,0.0,0,0.0,0,0.0,0.0,0,0.0
AS,9,2020,0,0.0,0.0,0,0.0,0,0.0,0.0,0,0.0
AS,10,2020,0,0.0,0.0,0,0.0,0,0.0,0.0,0,0.0
AS,11,2020,66,0.0,0.0,3,0.0,0,0.0,0.0,0,0.0
AS,12,2020,93,0.0,0.0,0,0.0,0,0.0,0.0,0,0.0
AZ,1,2020,6,0.0,0.0,1,0.0,0,0.0,0.0,0,0.0
AZ,1,2021,20405824,19249370.0,1156454.0,238290,23041.0,342158,306907.0,35251.0,4256,560.0
AZ,2,2020,29,0.0,0.0,0,0.0,0,0.0,0.0,0,0.0
AZ,2,2021,22264556,20788874.0,1475682.0,58558,6983.0,415253,367719.0,47534.0,2860,463.0
AZ,3,2020,6806,0.0,0.0,1288,0.0,114,0.0,0.0,24,0.0
AZ,3,2021,25816901,24029759.0,1787142.0,25029,4330.0,513713,454042.0,59671.0,987,59.0
AZ,4,2020,128654,73837.0,0.0,6359,0.0,4749,3013.0,0.0,296,0.0
AZ,4,2021,25572822,23731463.0,1841359.0,20061,3705.0,514118,456296.0,57822.0,357,-8.0
AZ,5,2020,417109,417109.0,0.0,12288,0.0,19859,19859.0,0.0,586,0.0
AZ,5,2021,27055010,25050361.0,2004649.0,18953,3093.0,541764,481594.0,60170.0,304,12.0
AZ,6,2020,1290602,1283589.0,8785.0,59300,434.0,37298,35242.0,2056.0,726,103.0
AZ,6,2021,26637732,24618935.0,2018797.0,13425,2302.0,533733,475200.0,58533.0,308,19.0
AZ,7,2020,4104152,4094479.0,9673.0,94826,-434.0,79627,77682.0,1945.0,2062,-103.0
AZ,7,2021,22603338,20858678.0,1744660.0,22293,2975.0,451474,402131.0,49343.0,235,15.0
AZ,8,2020,5952259,5913203.0,39056.0,27856,1731.0,137942,131407.0,6535.0,1335,267.0
AZ,9,2020,6322562,6232886.0,89676.0,16702,2842.0,161365,153159.0,8206.0,621,1.0
AZ,10,2020,7145132,6986217.0,158915.0,27495,1243.0,179972,171061.0,8911.0,329,47.0
AZ,11,2020,8441708,8210209.0,231324.0,80961,4261.0,189499,176345.0,13154.0,660,172.0
AZ,12,2020,13276874,12743163.0,533711.0,193483,15013.0,237324,217466.0,19858.0,2225,371.0
CA,1,2020,13,0.0,0.0,3,0.0,0,0.0,0.0,0,0.0
CA,1,2021,95732423,92399137.0,3333286.0,948913,46115.0,1315458,0.0,0.0,18858,0.0
CA,2,2020,17188,16897.0,288.0,389,21.0,4177,0.0,0.0,2,0.0
CA,2,2021,100175406,96461710.0,3713696.0,195116,11961.0,1562618,0.0,0.0,8025,0.0
CA,3,2020,198630,197804.0,826.0,16435,14.0,5921,0.0,0.0,205,0.0
CA,3,2021,114524547,110155961.0,4368586.0,82385,6596.0,1878117,0.0,0.0,2611,0.0
CA,4,2020,1167097,1165680.0,1417.0,44792,28.0,37935,0.0,0.0,1979,0.0
CA,4,2021,113037103,108631859.0,4405244.0,66510,5295.0,1863779,0.0,0.0,969,0.0
CA,5,2020,2963017,2959180.0,3837.0,70730,113.0,111416,0.0,0.0,2384,0.0
CA,5,2021,118456970,113770093.0,4686877.0,39852,3303.0,1949930,0.0,0.0,660,0.0
CA,6,2020,5918746,5911012.0,7734.0,156851,235.0,174377,0.0,0.0,2162,0.0
CA,6,2021,115591468,110979934.0,4611534.0,31863,2260.0,1901714,0.0,0.0,320,0.0
CA,7,2020,13815237,13777868.0,37369.0,289052,1712.0,268659,0.0,0.0,3791,0.0
CA,7,2021,97629257,78601624.0,3268353.0,71870,947.0,1590884,0.0,0.0,213,0.0
CA,8,2020,20736111,20636458.0,99653.0,159154,2205.0,397828,0.0,0.0,3939,0.0
CA,9,2020,23699444,23539640.0,159804.0,99678,1950.0,475831,0.0,0.0,2247,0.0
CA,10,2020,27786520,27543192.0,243328.0,121089,3448.0,547416,0.0,0.0,1500,0.0
CA,11,2020,33465533,32995728.0,469805.0,374665,14894.0,579921,0.0,0.0,2354,0.0
CA,12,2020,58996663,57437691.0,1558972.0,1172005,54688.0,783069,0.0,0.0,11374,0.0
CO,1,2020,0,0.0,0.0,0,0.0,0,0.0,0.0,0,0.0
CO,1,2021,11473991,10947040.0,526951.0,59324,5258.0,164441,143211.0,21230.0,780,66.0
CO,2,2020,0,0.0,0.0,0,0.0,0,0.0,0.0,0,0.0
CO,2,2021,11572798,10963994.0,608804.0,34882,4242.0,162737,142550.0,20187.0,357,22.0
CO,3,2020,18490,0.0,0.0,2966,0.0,326,0.0,0.0,69,0.0
CO,3,2021,13810796,12999724.0,811072.0,33778,4988.0,187196,164524.0,22672.0,156,-6.0
CO,4,2020,263074,142146.0,14759.0,12216,2186.0,11703,6887.0,904.0,708,135.0
CO,4,2021,14590982,13667776.0,923206.0,48885,4677.0,185687,163512.0,22175.0,188,25.0
CO,5,2020,660572,597736.0,62836.0,11196,884.0,35596,28919.0,6677.0,668,180.0
CO,5,2021,16433069,15344803.0,1088266.0,32208,3178.0,199610,175828.0,23782.0,285,24.0
CO,6,2020,886867,807040.0,79827.0,6337,442.0,48035,38240.0,9795.0,245,30.0
CO,6,2021,16545115,15407316.0,1137799.0,14257,2702.0,200897,177293.0,23604.0,214,17.0
CO,7,2020,1213694,1119221.0,94473.0,14094,312.0,54225,43911.0,10314.0,148,5.0
CO,7,2021,14094944,13095056.0,999888.0,8462,1679.0,171439,151560.0,19879.0,116,-1.0
CO,8,2020,1637236,1528289.0,108947.0,10615,662.0,58648,47994.0,10654.0,107,8.0
CO,9,2020,1896484,1765076.0,131408.0,13112,1113.0,60020,49466.0,10554.0,106,9.0
CO,10,2020,2637084,2455842.0,181242.0,36814,2172.0,66956,55310.0,11646.0,234,35.0
CO,11,2020,5020974,4763620.0,257354.0,125555,3072.0,78492,65587.0,12905.0,752,84.0
CO,12,2020,9086576,8709299.0,377277.0,101192,3874.0,125307,107337.0,17970.0,1777,170.0
CT,1,2020,0,0.0,0.0,0,0.0,0,0.0,0.0,0,0.0
CT,1,2021,6900960,6491581.0,409379.0,64315,4180.0,204066,165754.0,38312.0,1051,164.0
CT,2,2020,0,0.0,0.0,0,0.0,0,0.0,0.0,0,0.0
CT,2,2021,7518722,7048223.0,470499.0,29923,3685.0,207285,169776.0,37509.0,576,63.0
CT,3,2020,14589,0.0,0.0,3128,0.0,282,0.0,0.0,69,0.0
CT,3,2021,9132906,8482310.0,650596.0,30942,4759.0,241425,198436.0,42989.0,264,41.0
CT,4,2020,466797,290335.0,9803.0,24572,1560.0,29684,18548.0,3563.0,2188,759.0
CT,4,2021,9813751,9030599.0,783152.0,28345,4310.0,239715,197118.0,42597.0,211,29.0
CT,5,2020,1124218,1073241.0,50977.0,14501,452.0,101073,80945.0,20128.0,1687,298.0
CT,5,2021,10686190,9791538.0,894652.0,8273,1353.0,253536,208663.0,44873.0,141,23.0
CT,6,2020,1348657,1289259.0,59398.0,4313,-32.0,125398,99891.0,25507.0,378,9.0
CT,6,2021,10455874,9569058.0,886816.0,1846,384.0,247888,203759.0,44129.0,40,11.0
CT,7,2020,1483675,1422298.0,61377.0,3296,-24.0,135762,108602.0,27160.0,110,12.0
CT,7,2021,8762205,8012906.0,749299.0,2685,635.0,207023,170280.0,36743.0,8,-3.0
CT,8,2020,1585462,1522739.0,62723.0,3069,170.0,138000,110594.0,27406.0,33,4.0
CT,9,2020,1651324,1583280.0,68044.0,4671,295.0,134566,107831.0,26735.0,43,13.0
CT,10,2020,1961272,1879555.0,81717.0,13657,1267.0,141104,113160.0,27944.0,108,10.0
CT,11,2020,2784189,2601596.0,182593.0,46088,4116.0,143362,115206.0,28156.0,404,87.0
CT,12,2020,4793649,4503811.0,289838.0,68413,3225.0,170624,137803.0,32821.0,975,146.0
DC,1,2020,0,0.0,0.0,0,0.0,0,0.0,0.0,0,0.0
DC,1,2021,1030286,0.0,0.0,7889,0.0,26230,0.0,0.0,127,0.0
DC,2,2020,0,0.0,0.0,0,0.0,0,0.0,0.0,0,0.0
DC,2,2021,1088237,0.0,0.0,3726,0.0,27279,0.0,0.0,104,0.0
DC,3,2020,3342,0.0,0.0,495,0.0,50,0.0,0.0,9,0.0
DC,3,2021,1321799,0.0,0.0,3915,0.0,32315,0.0,0.0,47,0.0
DC,4,2020,70950,0.0,0.0,3828,0.0,2651,0.0,0.0,215,0.0
DC,4,2021,1388929,0.0,0.0,3184,0.0,32644,0.0,0.0,41,0.0
DC,5,2020,215106,0.0,0.0,4478,0.0,11296,0.0,0.0,242,0.0
DC,5,2021,1502384,0.0,0.0,1234,0.0,34700,0.0,0.0,27,0.0
DC,6,2020,291828,0.0,0.0,1526,0.0,15437,0.0,0.0,85,0.0
DC,6,2021,1475989,0.0,0.0,382,0.0,34159,0.0,0.0,9,0.0
DC,7,2020,345436,0.0,0.0,1799,0.0,17731,0.0,0.0,34,0.0
DC,7,2021,1240311,0.0,0.0,618,0.0,28600,0.0,0.0,5,0.0
DC,8,2020,407849,0.0,0.0,1866,0.0,18495,0.0,0.0,22,0.0
DC,9,2020,441301,0.0,0.0,1334,0.0,18516,0.0,0.0,20,0.0
DC,10,2020,503721,0.0,0.0,1940,0.0,19785,0.0,0.0,19,0.0
DC,11,2020,575263,0.0,0.0,4286,0.0,19873,0.0,0.0,34,0.0
DC,12,2020,790037,0.0,0.0,7431,0.0,22570,0.0,0.0,106,0.0
DE,1,2020,0,0.0,0.0,0,0.0,0,0.0,0.0,0,0.0
DE,1,2021,2190216,2093104.0,97112.0,20976,1424.0,31184,27923.0,3261.0,160,6.0
DE,2,2020,0,0.0,0.0,0,0.0,0,0.0,0.0,0,0.0
DE,2,2021,2368915,2249033.0,119882.0,8888,826.0,35950,32488.0,3462.0,332,28.0
DE,3,2020,2403,2394.0,9.0,414,2.0,32,0.0,0.0,10,0.0
DE,3,2021,2856306,2699369.0,156937.0,7193,970.0,46638,42392.0,4246.0,137,3.0
DE,4,2020,73665,72402.0,1263.0,4632,142.0,1895,1192.0,83.0,142,9.0
DE,4,2021,3030181,2838193.0,191988.0,9353,1411.0,47762,43561.0,4201.0,66,2.0
DE,5,2020,241926,223217.0,18709.0,4705,742.0,8515,8139.0,376.0,217,24.0
DE,5,2021,3333658,3107190.0,226468.0,3619,454.0,51051,46658.0,4393.0,36,1.0
DE,6,2020,319765,292506.0,27259.0,1977,38.0,13197,12162.0,1035.0,140,34.0
DE,6,2021,3281611,3054791.0,226820.0,868,136.0,50458,46149.0,4309.0,25,3.0
DE,7,2020,424884,395898.0,28986.0,3598,22.0,16577,14694.0,1883.0,76,12.0
DE,7,2021,2754760,2562756.0,192004.0,1053,171.0,42399,38762.0,3637.0,4,1.0
DE,8,2020,512570,482878.0,29692.0,2439,25.0,18450,16279.0,2171.0,20,2.0
DE,9,2020,579655,549748.0,29907.0,3141,89.0,18588,16370.0,2218.0,31,5.0
DE,10,2020,715544,681711.0,33833.0,4380,99.0,20649,18140.0,2509.0,74,10.0
DE,11,2020,899715,862009.0,37706.0,11232,222.0,22146,19460.0,2686.0,67,7.0
DE,12,2020,1502206,1444857.0,57349.0,22329,1006.0,26077,23041.0,3036.0,153,8.0
FL,1,2020,0,0.0,0.0,0,0.0,0,0.0,0.0,0,0.0
FL,1,2021,47021856,0.0,0.0,389172,118726.0,743830,0.0,0.0,4806,429.0
FL,2,2020,0,0.0,0.0,0,0.0,0,0.0,0.0,0,0.0
FL,2,2021,50178683,0.0,0.0,184454,55156.0,808632,0.0,0.0,4373,342.0
FL,3,2020,33927,0.0,0.0,6490,0.0,489,0.0,0.0,85,0.0
FL,3,2021,60418506,0.0,0.0,145346,39348.0,1002736,0.0,0.0,2573,170.0
FL,4,2020,653686,0.0,0.0,27200,0.0,19525,0.0,0.0,1183,0.0
FL,4,2021,63303673,0.0,0.0,172195,51420.0,1029258,0.0,0.0,1736,134.0
FL,5,2020,1388707,0.0,0.0,21074,0.0,59729,0.0,0.0,1183,0.0
FL,5,2021,69607724,0.0,0.0,90155,24496.0,1118776,0.0,0.0,1613,95.0
FL,6,2020,2579840,0.0,0.0,95017,0.0,89635,0.0,0.0,1054,0.0
FL,6,2021,69243584,0.0,0.0,50066,12345.0,1122853,0.0,0.0,1139,81.0
FL,7,2020,9620892,0.0,0.0,315249,3390.0,149207,0.0,0.0,3338,20.0
FL,7,2021,59872791,0.0,0.0,148059,38309.0,957336,0.0,0.0,757,68.0
FL,8,2020,17282051,0.0,0.0,151599,5130.0,287915,0.0,0.0,4344,47.0
FL,9,2020,19875958,0.0,0.0,81422,8402.0,385746,0.0,0.0,3130,85.0
FL,10,2020,22987074,0.0,0.0,93946,17637.0,486915,0.0,0.0,2444,88.0
FL,11,2020,26462866,0.0,0.0,191373,47996.0,528479,0.0,0.0,1836,88.0
FL,12,2020,35351736,0.0,0.0,317158,94358.0,625279,0.0,0.0,3076,231.0
FSM,1,2020,0,0.0,0.0,0,0.0,0,0.0,0.0,0,0.0
FSM,1,2021,24,24.0,0.0,1,0.0,0,0.0,0.0,0,0.0
FSM,2,2020,0,0.0,0.0,0,0.0,0,0.0,0.0,0,0.0
FSM,2,2021,28,28.0,0.0,0,0.0,0,0.0,0.0,0,0.0
FSM,3,2020,0,0.0,0.0,0,0.0,0,0.0,0.0,0,0.0
FSM,3,2021,31,31.0,0.0,0,0.0,0,0.0,0.0,0,0.0
FSM,4,2020,0,0.0,0.0,0,0.0,0,0.0,0.0,0,0.0
FSM,4,2021,30,30.0,0.0,0,0.0,0,0.0,0.0,0,0.0
FSM,5,2020,0,0.0,0.0,0,0.0,0,0.0,0.0,0,0.0
FSM,5,2021,31,31.0,0.0,0,0.0,0,0.0,0.0,0,0.0
FSM,6,2020,0,0.0,0.0,0,0.0,0,0.0,0.0,0,0.0
FSM,6,2021,30,30.0,0.0,0,0.0,0,0.0,0.0,0,0.0
FSM,7,2020,0,0.0,0.0,0,0.0,0,0.0,0.0,0,0.0
FSM,7,2021,128,128.0,0.0,2,0.0,0,0.0,0.0,0,0.0
FSM,8,2020,0,0.0,0.0,0,0.0,0,0.0,0.0,0,0.0
FSM,9,2020,0,0.0,0.0,0,0.0,0,0.0,0.0,0,0.0
FSM,10,2020,0,0.0,0.0,0,0.0,0,0.0,0.0,0,0.0
FSM,11,2020,0,0.0,0.0,0,0.0,0,0.0,0.0,0,0.0
FSM,12,2020,0,0.0,0.0,0,0.0,0,0.0,0.0,0,0.0
GA,1,2020,0,0.0,0.0,0,0.0,0,0.0,0.0,0,0.0
GA,1,2021,24831227,20730515.0,4100712.0,242993,59802.0,381989,341763.0,40226.0,3264,566.0
GA,2,2020,2,2.0,0.0,2,0.0,0,0.0,0.0,0,0.0
GA,2,2021,26992282,22102767.0,4889515.0,97076,28427.0,446576,392070.0,54506.0,3097,599.0
GA,3,2020,25247,25228.0,17.0,4234,2.0,721,0.0,0.0,130,0.0
GA,3,2021,32140432,25957402.0,6183030.0,53027,19148.0,567643,494526.0,73117.0,1760,221.0
GA,4,2020,453117,452895.0,222.0,21005,9.0,18096,10065.0,0.0,981,0.0
GA,4,2021,32411603,25992676.0,6418927.0,40639,13180.0,589445,513463.0,75982.0,1135,183.0
GA,5,2020,1097391,1096778.0,613.0,20371,18.0,49332,49332.0,0.0,941,0.0
GA,5,2021,34551307,27577243.0,6974064.0,23654,7427.0,636022,552299.0,83723.0,647,138.0
GA,6,2020,1808377,1789607.0,18770.0,36065,1526.0,74287,74287.0,0.0,753,0.0
GA,6,2021,33882611,26997805.0,6884806.0,10732,3390.0,635569,549554.0,86015.0,586,158.0
GA,7,2020,4172180,4061975.0,110205.0,109057,4732.0,98285,98285.0,0.0,947,0.0
GA,7,2021,28606686,22739764.0,5866922.0,23132,8640.0,538031,464672.0,73359.0,191,24.0
GA,8,2020,7476634,7196792.0,279842.0,90035,5949.0,145264,145264.0,0.0,1881,0.0
GA,9,2020,9349629,8873507.0,476122.0,54948,6986.0,192732,192732.0,0.0,1388,0.0
GA,10,2020,11196121,10448853.0,747268.0,53276,9868.0,233793,233793.0,0.0,958,0.0
GA,11,2020,12860645,11689214.0,1171431.0,82570,20340.0,264163,253008.0,11155.0,1473,674.0
GA,12,2020,17500247,15239358.0,2260889.0,194889,50346.0,316961,288934.0,28027.0,1482,388.0
GU,1,2020,0,0.0,0.0,0,0.0,0,0.0,0.0,0,0.0
GU,1,2021,231663,0.0,0.0,300,28.0,3897,0.0,0.0,8,0.0
GU,2,2020,0,0.0,0.0,0,0.0,0,0.0,0.0,0,0.0
GU,2,2021,215322,0.0,0.0,126,2.0,3634,0.0,0.0,1,0.0
GU,3,2020,528,0.0,0.0,71,0.0,11,0.0,0.0,2,0.0
GU,3,2021,241007,0.0,0.0,76,1.0,4135,0.0,0.0,4,0.0
GU,4,2020,3828,0.0,0.0,75,7.0,138,0.0,0.0,3,0.0
GU,4,2021,236252,0.0,0.0,165,8.0,4080,0.0,0.0,2,0.0
GU,5,2020,4905,0.0,0.0,29,4.0,155,0.0,0.0,0,0.0
GU,5,2021,250828,0.0,0.0,198,20.0,4300,0.0,0.0,3,0.0
GU,6,2020,6153,0.0,0.0,92,0.0,150,0.0,0.0,0,0.0
GU,6,2021,248057,0.0,0.0,193,27.0,4174,0.0,0.0,1,0.0
GU,7,2020,9929,0.0,0.0,89,0.0,155,0.0,0.0,0,0.0
GU,7,2021,211326,0.0,0.0,140,4.0,3540,0.0,0.0,3,0.0
GU,8,2020,21799,0.0,0.0,1091,0.0,195,0.0,0.0,8,0.0
GU,9,2020,59465,0.0,0.0,1041,-6.0,844,0.0,0.0,36,0.0
GU,10,2020,111151,0.0,0.0,2140,47.0,1980,0.0,0.0,30,0.0
GU,11,2020,176315,0.0,0.0,2261,83.0,2861,0.0,0.0,33,0.0
GU,12,2020,221512,0.0,0.0,419,47.0,3644,0.0,0.0,9,0.0
HI,1,2020,0,0.0,0.0,0,0.0,0,0.0,0.0,0,0.0
HI,1,2021,733219,0.0,0.0,4176,73.0,10172,0.0,0.0,121,0.0
HI,2,2020,0,0.0,0.0,0,0.0,0,0.0,0.0,0,0.0
HI,2,2021,748291,0.0,0.0,1687,95.0,11820,0.0,0.0,29,0.0
HI,3,2020,1894,0.0,0.0,283,0.0,1,0.0,0.0,1,0.0
HI,3,2021,882743,0.0,0.0,2306,293.0,13891,0.0,0.0,24,0.0
HI,4,2020,15502,0.0,0.0,324,0.0,276,0.0,0.0,15,0.0
HI,4,2021,941443,0.0,0.0,2915,349.0,14099,0.0,0.0,20,0.0
HI,5,2020,19461,0.0,0.0,37,0.0,525,0.0,0.0,1,0.0
HI,5,2021,1056206,0.0,0.0,2341,224.0,15135,0.0,0.0,17,0.0
HI,6,2020,22549,0.0,0.0,264,0.0,513,0.0,0.0,1,0.0
HI,6,2021,1073385,0.0,0.0,1356,80.0,15163,0.0,0.0,17,0.0
HI,7,2020,42502,0.0,0.0,1264,0.0,692,0.0,0.0,8,0.0
HI,7,2021,933530,0.0,0.0,2609,145.0,12965,0.0,0.0,12,0.0
HI,8,2020,163203,0.0,0.0,6450,0.0,1283,0.0,0.0,44,0.0
HI,9,2020,327753,0.0,0.0,3858,0.0,3170,0.0,0.0,66,0.0
HI,10,2020,428237,0.0,0.0,2515,0.0,5694,0.0,0.0,82,0.0
HI,11,2020,492982,0.0,0.0,2713,0.0,6751,0.0,0.0,24,0.0
HI,12,2020,599908,0.0,0.0,3318,0.0,8405,0.0,0.0,44,0.0
IA,1,2020,0,0.0,0.0,0,0.0,0,0.0,0.0,0,0.0
IA,1,2021,9382085,0.0,0.0,38578,10195.0,133129,0.0,0.0,1010,1010.0
IA,2,2020,0,0.0,0.0,0,0.0,0,0.0,0.0,0,0.0
IA,2,2021,9208698,0.0,0.0,17082,4602.0,146602,0.0,0.0,570,570.0
IA,3,2020,2788,0.0,0.0,497,0.0,25,0.0,0.0,7,0.0
IA,3,2021,10654925,0.0,0.0,14670,4048.0,174698,0.0,0.0,272,272.0
IA,4,2020,83618,0.0,0.0,6648,0.0,1956,0.0,0.0,155,0.0
IA,4,2021,10761274,0.0,0.0,13843,3330.0,176141,0.0,0.0,207,207.0
IA,5,2020,440157,0.0,0.0,12407,0.0,10723,0.0,0.0,372,0.0
IA,5,2021,11439719,0.0,0.0,6582,1528.0,186243,0.0,0.0,105,105.0
IA,6,2020,728228,0.0,0.0,9395,0.0,19533,0.0,0.0,180,0.0
IA,6,2021,11182355,0.0,0.0,2437,352.0,183045,0.0,0.0,83,83.0
IA,7,2020,1146664,0.0,0.0,15635,0.0,24125,0.0,0.0,153,0.0
IA,7,2021,9385027,0.0,0.0,3439,779.0,153867,0.0,0.0,32,32.0
IA,8,2020,1644339,0.0,0.0,20241,1500.0,30558,0.0,0.0,249,0.0
IA,9,2020,2302835,0.0,0.0,24007,1733.0,37073,0.0,0.0,230,0.0
IA,10,2020,3275421,0.0,0.0,39136,4978.0,47285,0.0,0.0,370,0.0
IA,11,2020,5498763,0.0,0.0,101482,18827.0,60947,0.0,0.0,687,0.0
IA,12,2020,8045903,0.0,0.0,51221,14456.0,101981,0.0,0.0,1488,3891.0
ID,1,2020,0,0.0,0.0,0,0.0,0,0.0,0.0,0,0.0
ID,1,2021,4762819,3901874.0,860945.0,21606,5845.0,49426,43499.0,5927.0,289,45.0
ID,2,2020,0,0.0,0.0,0,0.0,0,0.0,0.0,0,0.0
ID,2,2021,4691503,3813566.0,877937.0,8457,2112.0,50469,44386.0,6083.0,135,14.0
ID,3,2020,2344,0.0,0.0,525,0.0,34,0.0,0.0,9,0.0
ID,3,2021,5456939,4400866.0,1056073.0,9396,3147.0,59524,52105.0,7419.0,102,26.0
ID,4,2020,45802,27029.0,1824.0,1490,155.0,1097,647.0,181.0,54,17.0
ID,4,2021,5532362,4439784.0,1092578.0,7120,1843.0,60227,52481.0,7746.0,84,10.0
ID,5,2020,75028,68567.0,6461.0,824,106.0,2265,1823.0,442.0,19,3.0
ID,5,2021,5894121,4719139.0,1174982.0,4422,1077.0,64187,55975.0,8212.0,44,6.0
ID,6,2020,116475,104989.0,11486.0,3278,303.0,2614,2014.0,600.0,10,0.0
ID,6,2021,5814200,4653689.0,1160511.0,2920,526.0,63672,55508.0,8164.0,62,9.0
ID,7,2020,408984,382330.0,26654.0,14604,694.0,3767,3120.0,647.0,97,3.0
ID,7,2021,4912522,3931072.0,981450.0,3298,786.0,54209,47191.0,7018.0,31,6.0
ID,8,2020,843751,787197.0,56554.0,11367,1083.0,8542,7683.0,859.0,172,11.0
ID,9,2020,1095149,1005783.0,89366.0,9960,1521.0,12711,11599.0,1112.0,108,4.0
ID,10,2020,1624120,1444748.0,179372.0,22560,4347.0,16551,15247.0,1304.0,160,6.0
ID,11,2020,2497299,2138333.0,358966.0,37090,7218.0,23409,21626.0,1783.0,300,31.0
ID,12,2020,3846737,3213320.0,633417.0,39379,8933.0,37608,33664.0,3944.0,507,92.0
IL,1,2020,9,0.0,0.0,2,0.0,0,0.0,0.0,0,0.0
IL,1,2021,32760433,32760433.0,0.0,162912,0.0,615187,559113.0,56074.0,3275,522.0
IL,2,2020,58,0.0,0.0,0,0.0,0,0.0,0.0,0,0.0
IL,2,2021,32502739,32502739.0,0.0,60395,0.0,618695,558622.0,60073.0,1482,209.0
IL,3,2020,33034,0.0,0.0,5992,0.0,417,0.0,0.0,99,0.0
IL,3,2021,37634271,37634271.0,0.0,57889,0.0,719826,649765.0,70061.0,844,59.0
IL,4,2020,802317,489562.0,0.0,46924,0.0,32410,21640.0,0.0,2256,0.0
IL,4,2021,38776019,38776019.0,0.0,90470,0.0,717297,648459.0,68838.0,712,53.0
IL,5,2020,2817328,2817328.0,0.0,67342,0.0,124231,124231.0,0.0,3035,0.0
IL,5,2021,42286389,42286389.0,0.0,47131,0.0,768087,694799.0,73288.0,932,65.0
IL,6,2020,4013814,3992626.0,21188.0,23978,1053.0,194337,189925.0,4412.0,1734,201.0
IL,6,2021,41635095,41635095.0,0.0,9553,0.0,764837,692125.0,72712.0,451,51.0
IL,7,2020,4970718,4934634.0,36084.0,35880,228.0,230479,224308.0,6171.0,568,-4.0
IL,7,2021,34971248,34971248.0,0.0,16190,0.0,644677,583205.0,61472.0,193,19.0
IL,8,2020,6454943,6412106.0,42837.0,56607,421.0,246986,240565.0,6421.0,543,12.0
IL,9,2020,8037885,7974298.0,63587.0,59038,787.0,257714,250814.0,6900.0,681,35.0
IL,10,2020,10691102,10577556.0,113546.0,120796,3770.0,292618,284633.0,7985.0,1124,39.0
IL,11,2020,17311642,17280347.0,31295.0,309745,-6259.0,340510,326945.0,13565.0,2945,424.0
IL,12,2020,26767345,26767345.0,0.0,237085,0.0,487076,452523.0,34553.0,4993,781.0
IN,1,2020,0,0.0,0.0,0,0.0,0,0.0,0.0,0,0.0
IN,1,2021,18006633,0.0,0.0,115569,0.0,341602,330442.0,11160.0,2228,42.0
IN,2,2020,0,0.0,0.0,0,0.0,0,0.0,0.0,0,0.0
IN,2,2021,18151874,0.0,0.0,35331,0.0,349766,338837.0,10929.0,802,21.0
IN,3,2020,10049,0.0,0.0,2159,0.0,504,449.0,55.0,99,9.0
IN,3,2021,20930650,0.0,0.0,25339,0.0,403036,390556.0,12480.0,339,4.0
IN,4,2020,289618,0.0,0.0,15676,0.0,19273,17115.0,2158.0,1143,118.0
IN,4,2021,21141677,0.0,0.0,32488,0.0,397849,385572.0,12277.0,245,9.0
IN,5,2020,838265,0.0,0.0,16739,0.0,57100,52227.0,4873.0,1039,54.0
IN,5,2021,22766159,0.0,0.0,23723,0.0,419621,406659.0,12962.0,301,6.0
IN,6,2020,1210849,0.0,0.0,11020,0.0,76813,71160.0,5653.0,481,13.0
IN,6,2021,22492629,0.0,0.0,9779,0.0,414157,401479.0,12678.0,202,5.0
IN,7,2020,1702668,0.0,0.0,20560,0.0,90808,84657.0,6151.0,330,13.0
IN,7,2021,18975426,0.0,0.0,10521,0.0,348563,337877.0,10686.0,79,3.0
IN,8,2020,2488354,0.0,0.0,28042,0.0,102073,95413.0,6660.0,389,14.0
IN,9,2020,3224126,0.0,0.0,25823,0.0,109965,103251.0,6714.0,388,5.0
IN,10,2020,4512410,0.0,0.0,59339,0.0,131490,124269.0,7221.0,856,15.0
IN,11,2020,7676752,0.0,0.0,159628,0.0,167826,160018.0,7808.0,1942,42.0
IN,12,2020,13536197,0.0,0.0,172712,0.0,255744,246192.0,9552.0,3102,55.0
KS,1,2020,0,0.0,0.0,0,0.0,0,0.0,0.0,0,0.0
KS,1,2021,7867985,6522239.0,1345746.0,52252,12931.0,104666,0.0,0.0,1038,225.0
KS,2,2020,0,0.0,0.0,0,0.0,0,0.0,0.0,0,0.0
KS,2,2021,8024789,6547798.0,1476991.0,18978,6162.0,122438,0.0,0.0,956,247.0
KS,3,2020,2299,0.0,0.0,428,0.0,54,0.0,0.0,9,0.0
KS,3,2021,9252282,7498150.0,1754132.0,8709,2329.0,150084,0.0,0.0,178,35.0
KS,4,2020,54850,32369.0,0.0,3810,0.0,2214,0.0,0.0,120,0.0
KS,4,2021,9167355,7411259.0,1756181.0,6758,1751.0,148462,0.0,0.0,69,-12.0
KS,5,2020,236767,236635.0,132.0,5481,0.0,5252,0.0,0.0,79,0.0
KS,5,2021,9671132,7809813.0,1861319.0,5182,1105.0,156095,0.0,0.0,94,0.0
KS,6,2020,350353,348132.0,2221.0,4724,377.0,7373,0.0,0.0,62,0.0
KS,6,2021,9485755,7652119.0,1833636.0,3794,1220.0,153538,0.0,0.0,80,8.0
KS,7,2020,654584,641131.0,13453.0,13369,264.0,9356,0.0,0.0,88,0.0
KS,7,2021,8056601,6487752.0,1568849.0,9161,2155.0,129743,0.0,0.0,83,21.0
KS,8,2020,1070047,1043539.0,26508.0,14800,546.0,12471,0.0,0.0,88,0.0
KS,9,2020,1523504,1462634.0,60870.0,17137,1941.0,16616,0.0,0.0,232,0.0
KS,10,2020,2195764,2046190.0,149574.0,25432,4711.0,26311,0.0,0.0,351,59.0
KS,11,2020,3615631,3189657.0,425974.0,72265,12397.0,38841,0.0,0.0,531,61.0
KS,12,2020,5955169,5070514.0,884655.0,64987,15998.0,67842,0.0,0.0,1181,256.0
KY,1,2020,0,0.0,0.0,0,0.0,0,0.0,0.0,0,0.0
KY,1,2021,10267395,8108301.0,2159094.0,93683,26815.0,171265,154074.0,17191.0,1279,171.0
KY,2,2020,0,0.0,0.0,0,0.0,0,0.0,0.0,0,0.0
KY,2,2021,11118291,8575506.0,2542785.0,38961,13819.0,180691,161941.0,18750.0,581,59.0
KY,3,2020,5403,5183.0,220.0,843,21.0,137,124.0,13.0,29,2.0
KY,3,2021,13114058,10014571.0,3099487.0,19571,7107.0,210674,188833.0,21841.0,219,20.0
KY,4,2020,81032,79890.0,1142.0,4206,40.0,4490,4335.0,155.0,242,7.0
KY,4,2021,13197919,10010949.0,3186970.0,16239,5988.0,209425,187787.0,21638.0,151,14.0
KY,5,2020,247409,243165.0,4244.0,5427,188.0,12497,12036.0,461.0,239,10.0
KY,5,2021,14096813,10637411.0,3459402.0,11460,4016.0,220871,197996.0,22875.0,143,19.0
KY,6,2020,412207,396439.0,15768.0,6619,530.0,18053,17382.0,671.0,174,6.0
KY,6,2021,13874395,10443781.0,3430614.0,5530,2030.0,217306,194775.0,22531.0,78,8.0
KY,7,2020,779496,727935.0,51561.0,17392,1951.0,24503,23649.0,854.0,212,5.0
KY,7,2021,11726885,8806962.0,2919923.0,9485,3574.0,182410,163512.0,18898.0,38,2.0
KY,8,2020,1387713,1257240.0,130473.0,20435,3148.0,32215,31138.0,1077.0,308,15.0
KY,9,2020,1964551,1720005.0,244546.0,20612,4682.0,41035,39557.0,1478.0,307,13.0
KY,10,2020,2846116,2410083.0,436033.0,36953,7755.0,54756,52379.0,2377.0,541,38.0
KY,11,2020,4484932,3704797.0,780135.0,77995,15582.0,76119,71017.0,5102.0,1079,156.0
KY,12,2020,7400835,6004578.0,1396257.0,89033,21569.0,124031,112885.0,11146.0,1692,212.0
LA,1,2020,0,0.0,0.0,0,0.0,0,0.0,0.0,0,0.0
LA,1,2021,11214867,0.0,0.0,85351,21131.0,253071,238607.0,14464.0,1371,195.0
LA,2,2020,0,0.0,0.0,0,0.0,0,0.0,0.0,0,0.0
LA,2,2021,11714047,0.0,0.0,29474,9223.0,260429,242692.0,17737.0,749,117.0
LA,3,2020,29180,0.0,0.0,5237,0.0,1156,0.0,0.0,239,0.0
LA,3,2021,13580984,0.0,0.0,14833,4729.0,307155,283414.0,23741.0,533,163.0
LA,4,2020,625509,0.0,0.0,22807,43.0,32749,18958.0,467.0,1666,43.0
LA,4,2021,13548428,0.0,0.0,13648,4213.0,307971,281512.0,26459.0,241,70.0
LA,5,2020,1060777,0.0,0.0,11872,-43.0,75681,72983.0,2698.0,886,62.0
LA,5,2021,14429617,0.0,0.0,12836,3571.0,325059,295427.0,29632.0,194,62.0
LA,6,2020,1432856,0.0,0.0,18179,0.0,91075,87716.0,3359.0,430,3.0
LA,6,2021,14296873,0.0,0.0,9586,2785.0,320005,289920.0,30085.0,162,41.0
LA,7,2020,2693146,0.0,0.0,58185,0.0,109304,105896.0,3408.0,728,6.0
LA,7,2021,12353734,0.0,0.0,31376,8539.0,270307,244330.0,25977.0,162,37.0
LA,8,2020,4225383,0.0,0.0,32614,701.0,139101,134993.0,4108.0,1001,49.0
LA,9,2020,4777934,0.0,0.0,18564,724.0,157961,152807.0,5154.0,561,27.0
LA,10,2020,5504935,0.0,0.0,19191,2954.0,177422,171233.0,6189.0,408,24.0
LA,11,2020,6223001,0.0,0.0,45765,7614.0,184804,177652.0,7152.0,501,43.0
LA,12,2020,8533266,0.0,0.0,82861,17805.0,215113,205245.0,9868.0,1068,116.0
MA,1,2020,0,0.0,0.0,0,0.0,0,0.0,0.0,0,0.0
MA,1,2021,14211219,13549229.0,661990.0,148847,10147.0,426490,417739.0,8751.0,2219,30.0
MA,2,2020,29,0.0,0.0,1,0.0,0,0.0,0.0,0,0.0
MA,2,2021,15581812,14781459.0,800353.0,57123,4966.0,436784,427992.0,8792.0,1387,28.0
MA,3,2020,34354,0.0,0.0,6619,0.0,659,650.0,9.0,155,2.0
MA,3,2021,18804214,17746897.0,1057317.0,54432,6557.0,519948,509514.0,10434.0,1024,18.0
MA,4,2020,978405,604375.0,0.0,55585,0.0,55607,54110.0,1497.0,3970,112.0
MA,4,2021,19984577,18768610.0,1215967.0,53393,5703.0,523560,513069.0,10491.0,367,8.0
MA,5,2020,2582595,2582595.0,0.0,34760,0.0,186646,181457.0,5189.0,3114,82.0
MA,5,2021,21720272,20329905.0,1390367.0,18064,2727.0,550315,539238.0,11077.0,262,13.0
MA,6,2020,3033358,722999.0,0.0,6736,0.0,232902,226935.0,5967.0,887,4.0
MA,6,2021,21266743,19884970.0,1381773.0,2929,311.0,538450,527546.0,10904.0,122,0.0
MA,7,2020,3300471,3300471.0,0.0,6086,0.0,260498,254201.0,6297.0,500,5.0
MA,7,2021,17799873,16639919.0,1159954.0,5214,632.0,450440,441302.0,9138.0,52,4.0
MA,8,2020,3544489,3544489.0,0.0,8997,0.0,274305,267942.0,6363.0,442,1.0
MA,9,2020,3775943,3718692.0,57251.0,11627,658.0,278215,271917.0,6298.0,418,8.0
MA,10,2020,4449113,4354611.0,94502.0,26460,1692.0,302128,295335.0,6793.0,542,11.0
MA,11,2020,5713002,5536308.0,176694.0,67556,3748.0,312366,305492.0,6874.0,820,10.0
MA,12,2020,9388617,9027365.0,361252.0,149046,7930.0,362108,354281.0,7827.0,1765,32.0
MD,1,2020,0,0.0,0.0,0,0.0,0,0.0,0.0,0,0.0
MD,1,2021,10009882,0.0,0.0,75417,0.0,216146,210185.0,5961.0,1315,9.0
MD,2,2020,0,0.0,0.0,0,0.0,0,0.0,0.0,0,0.0
MD,2,2021,10391085,0.0,0.0,27066,0.0,225167,219552.0,5615.0,770,5.0
MD,3,2020,9456,0.0,0.0,1660,0.0,176,173.0,3.0,44,1.0
MD,3,2021,12292139,0.0,0.0,30226,0.0,266719,260402.0,6317.0,457,4.0
MD,4,2020,341685,0.0,0.0,21812,0.0,16142,15321.0,821.0,1204,60.0
MD,4,2021,12977112,0.0,0.0,35412,0.0,272366,266101.0,6265.0,487,6.0
MD,5,2020,1208824,0.0,0.0,29855,0.0,63327,60292.0,3035.0,1436,58.0
MD,5,2021,14124639,0.0,0.0,11604,0.0,294159,287586.0,6573.0,300,0.0
MD,6,2020,1863075,0.0,0.0,14591,0.0,91971,88133.0,3838.0,632,15.0
MD,6,2021,13841772,0.0,0.0,2410,0.0,290753,284262.0,6491.0,130,5.0
MD,7,2020,2396005,0.0,0.0,21447,0.0,107687,103418.0,4269.0,298,7.0
MD,7,2021,11594500,0.0,0.0,3595,0.0,244330,238891.0,5439.0,63,2.0
MD,8,2020,3106495,0.0,0.0,19498,0.0,116536,111965.0,4571.0,266,11.0
MD,9,2020,3535027,0.0,0.0,16647,0.0,119395,114760.0,4635.0,184,4.0
MD,10,2020,4193196,0.0,0.0,20635,0.0,129374,124502.0,4872.0,226,3.0
MD,11,2020,5128472,0.0,0.0,54990,0.0,135784,130839.0,4945.0,591,12.0
MD,12,2020,7528142,0.0,0.0,79084,0.0,173236,167603.0,5633.0,1404,17.0
ME,1,2020,0,0.0,0.0,0,0.0,0,0.0,0.0,0,0.0
ME,1,2021,1023687,840588.0,183099.0,15341,4125.0,15099,14861.0,238.0,248,4.0
ME,2,2020,0,0.0,0.0,0,0.0,0,0.0,0.0,0,0.0
ME,2,2021,1193022,949415.0,243607.0,5221,1844.0,18359,17932.0,427.0,108,13.0
ME,3,2020,2154,0.0,0.0,303,0.0,15,0.0,0.0,5,0.0
ME,3,2021,1477896,1146276.0,331620.0,6025,2359.0,22445,21731.0,714.0,40,0.0
ME,4,2020,22463,11630.0,136.0,820,35.0,846,545.0,0.0,50,0.0
ME,4,2021,1692967,1275211.0,417756.0,10742,3711.0,22845,22127.0,718.0,41,2.0
ME,5,2020,53005,48027.0,4978.0,1226,221.0,2201,2186.0,15.0,34,1.0
ME,5,2021,2031588,1495982.0,535606.0,6289,2545.0,25038,24199.0,839.0,41,3.0
ME,6,2020,84448,75096.0,9352.0,945,116.0,3019,3007.0,12.0,16,0.0
ME,6,2021,2058683,1505859.0,552824.0,1235,400.0,25467,24586.0,881.0,34,3.0
ME,7,2020,112503,100144.0,12359.0,643,49.0,3559,3533.0,26.0,18,0.0
ME,7,2021,1735295,1268777.0,466518.0,850,301.0,21837,20871.0,966.0,38,18.0
ME,8,2020,130462,117041.0,13421.0,611,46.0,3959,3928.0,31.0,9,0.0
ME,9,2020,149203,133985.0,15218.0,883,99.0,4117,4087.0,30.0,10,0.0
ME,10,2020,184423,164566.0,19857.0,1237,195.0,4478,4447.0,31.0,5,0.0
ME,11,2020,278652,249095.0,29557.0,5308,540.0,5082,5052.0,30.0,67,0.0
ME,12,2020,554326,481301.0,73025.0,12225,2263.0,8633,8512.0,121.0,133,5.0
MI,1,2020,0,0.0,0.0,0,0.0,0,0.0,0.0,0,0.0
MI,1,2021,19412815,17779864.0,1632951.0,63724,8856.0,464456,437426.0,27030.0,2011,168.0
MI,2,2020,0,0.0,0.0,0,0.0,0,0.0,0.0,0,0.0
MI,2,2021,18795718,17113926.0,1681792.0,34794,6254.0,457038,429736.0,27302.0,820,43.0
MI,3,2020,181004,177269.0,3735.0,19892,479.0,2420,2177.0,243.0,558,44.0
MI,3,2021,22609572,20444341.0,2165231.0,110261,16466.0,525143,493840.0,31303.0,662,52.0
MI,4,2020,1134723,1089464.0,45259.0,34507,2314.0,80857,76051.0,4806.0,3946,208.0
MI,4,2021,26684446,23967798.0,2716648.0,157214,18947.0,545487,512391.0,33096.0,1863,119.0
MI,5,2020,2441203,2270936.0,170267.0,43607,5146.0,166965,158054.0,8911.0,1432,49.0
MI,5,2021,30427433,27254751.0,3172682.0,39736,5975.0,621156,583968.0,37188.0,1443,63.0
MI,6,2020,3309327,3016907.0,292420.0,26920,3473.0,184959,175834.0,9125.0,377,6.0
MI,6,2021,29950478,26798570.0,3151908.0,6089,1087.0,626953,589495.0,37458.0,428,34.0
MI,7,2020,4521201,4105081.0,416120.0,41146,3845.0,199417,189771.0,9646.0,236,9.0
MI,7,2021,25078979,22432598.0,2646381.0,5628,946.0,527451,495943.0,31508.0,82,5.0
MI,8,2020,5785192,5253939.0,531253.0,39022,3619.0,207595,197747.0,9848.0,290,3.0
MI,9,2020,6721864,6098896.0,622968.0,36682,3745.0,209376,199611.0,9765.0,290,11.0
MI,10,2020,8336184,7556566.0,779618.0,66499,5609.0,230280,219691.0,10589.0,673,37.0
MI,11,2020,11976918,10974253.0,1002665.0,173144,10075.0,264504,252352.0,12152.0,2380,103.0
MI,12,2020,16890087,15536202.0,1353885.0,107495,9603.0,377808,358067.0,19741.0,3640,309.0
MN,1,2020,0,0.0,0.0,0,0.0,0,0.0,0.0,0,0.0
MN,1,2021,13723942,0.0,0.0,46505,5685.0,182964,174271.0,8693.0,886,85.0
MN,2,2020,0,0.0,0.0,0,0.0,0,0.0,0.0,0,0.0
MN,2,2021,13261675,0.0,0.0,22787,3562.0,180040,170739.0,9301.0,283,23.0
MN,3,2020,4911,0.0,0.0,689,0.0,56,0.0,0.0,17,0.0
MN,3,2021,15509201,0.0,0.0,34044,6112.0,210239,197352.0,12887.0,237,114.0
MN,4,2020,68204,0.0,0.0,4447,0.0,4007,2925.0,0.0,326,0.0
MN,4,2021,16494761,0.0,0.0,56283,9073.0,212114,198203.0,13911.0,311,33.0
MN,5,2020,479376,0.0,0.0,20072,0.0,22173,22001.0,172.0,717,10.0
MN,5,2021,18369138,0.0,0.0,25638,4603.0,229041,213677.0,15364.0,282,17.0
MN,6,2020,930816,0.0,0.0,11508,0.0,39691,38882.0,809.0,422,27.0
MN,6,2021,18114704,0.0,0.0,3915,652.0,228274,212999.0,15275.0,168,10.0
MN,7,2020,1402410,0.0,0.0,18472,0.0,48592,47389.0,1203.0,164,3.0
MN,7,2021,15177765,0.0,0.0,4022,767.0,193015,180137.0,12878.0,56,3.0
MN,8,2020,2035151,0.0,0.0,20676,0.0,54605,53215.0,1390.0,220,9.0
MN,9,2020,2618557,0.0,0.0,23270,0.0,59517,57956.0,1561.0,223,4.0
MN,10,2020,3748383,0.0,0.0,49338,641.0,70370,68673.0,1697.0,422,20.0
MN,11,2020,6849584,0.0,0.0,170291,6029.0,90686,87671.0,3015.0,1141,58.0
MN,12,2020,11792353,0.0,0.0,96539,7674.0,142668,137117.0,5551.0,1730,100.0
MO,1,2020,0,0.0,0.0,0,0.0,0,0.0,0.0,0,0.0
MO,1,2021,15370762,0.0,0.0,76800,20302.0,234073,0.0,0.0,1249,0.0
MO,2,2020,0,0.0,0.0,0,0.0,0,0.0,0.0,0,0.0
MO,2,2021,15172088,0.0,0.0,24690,8034.0,234527,0.0,0.0,463,0.0
MO,3,2020,16019,0.0,0.0,2558,0.0,173,0.0,0.0,32,0.0
MO,3,2021,17364963,0.0,0.0,17032,6414.0,269426,0.0,0.0,236,0.0
MO,4,2020,169343,0.0,0.0,6142,3.0,7233,0.0,0.0,446,0.0
MO,4,2021,17322524,0.0,0.0,17582,6237.0,266576,0.0,0.0,155,0.0
MO,5,2020,352189,0.0,0.0,5393,2.0,22416,0.0,0.0,418,0.0
MO,5,2021,18400507,0.0,0.0,14044,4645.0,279331,0.0,0.0,121,0.0
MO,6,2020,560660,0.0,0.0,11267,108.0,30205,0.0,0.0,213,0.0
MO,6,2021,18263392,0.0,0.0,20308,6350.0,276457,0.0,0.0,235,0.0
MO,7,2020,1253208,0.0,0.0,30375,408.0,38166,0.0,0.0,286,0.0
MO,7,2021,15993690,0.0,0.0,44217,11840.0,236036,0.0,0.0,243,0.0
MO,8,2020,2263233,0.0,0.0,35304,946.0,50631,0.0,0.0,486,0.0
MO,9,2020,3423903,0.0,0.0,46213,1810.0,65578,0.0,0.0,644,0.0
MO,10,2020,5192321,0.0,0.0,65625,4216.0,93142,0.0,0.0,980,0.0
MO,11,2020,8278043,0.0,0.0,135242,13831.0,127811,0.0,0.0,1599,0.0
MO,12,2020,12321644,0.0,0.0,111450,21095.0,187921,0.0,0.0,1752,0.0
MP,1,2020,0,0.0,0.0,0,0.0,0,0.0,0.0,0,0.0
MP,1,2021,3958,3958.0,0.0,10,0.0,62,62.0,0.0,0,0.0
MP,2,2020,0,0.0,0.0,0,0.0,0,0.0,0.0,0,0.0
MP,2,2021,3827,3827.0,0.0,11,0.0,56,56.0,0.0,0,0.0
MP,3,2020,8,0.0,0.0,2,0.0,0,0.0,0.0,0,0.0
MP,3,2021,4731,4731.0,0.0,16,0.0,62,62.0,0.0,0,0.0
MP,4,2020,357,154.0,0.0,12,0.0,46,22.0,0.0,2,0.0
MP,4,2021,4846,4846.0,0.0,9,0.0,60,60.0,0.0,0,0.0
MP,5,2020,594,594.0,0.0,8,0.0,62,62.0,0.0,0,0.0
MP,5,2021,5414,5414.0,0.0,15,0.0,62,62.0,0.0,0,0.0
MP,6,2020,866,866.0,0.0,8,0.0,60,60.0,0.0,0,0.0
MP,6,2021,5490,5490.0,0.0,0,0.0,60,60.0,0.0,0,0.0
MP,7,2020,1104,1104.0,0.0,12,0.0,62,62.0,0.0,0,0.0
MP,7,2021,4575,4575.0,0.0,0,0.0,50,50.0,0.0,0,0.0
MP,8,2020,1589,1589.0,0.0,14,0.0,62,62.0,0.0,0,0.0
MP,9,2020,1902,1902.0,0.0,14,0.0,60,60.0,0.0,0,0.0
MP,10,2020,2570,2570.0,0.0,26,0.0,62,62.0,0.0,0,0.0
MP,11,2020,3038,3038.0,0.0,10,0.0,60,60.0,0.0,0,0.0
MP,12,2020,3550,3550.0,0.0,16,0.0,62,62.0,0.0,0,0.0
MS,1,2020,0,0.0,0.0,0,0.0,0,0.0,0.0,0,0.0
MS,1,2021,7853823,5097214.0,2756609.0,55973,31888.0,193354,139733.0,53621.0,1045,550.0
MS,2,2020,0,0.0,0.0,0,0.0,0,0.0,0.0,0,0.0
MS,2,2021,8096668,5054794.0,3041874.0,18619,9728.0,192556,134745.0,57811.0,329,159.0
MS,3,2020,21470,21121.0,349.0,2242,21.0,1581,1554.0,27.0,153,1.0
MS,3,2021,9368839,5781455.0,3587384.0,9712,5473.0,220603,152917.0,67686.0,176,91.0
MS,4,2020,152921,152130.0,791.0,6218,19.0,10641,10611.0,30.0,426,0.0
MS,4,2021,9290538,5699225.0,3591313.0,6746,3226.0,217225,149998.0,67227.0,114,46.0
MS,5,2020,399462,396632.0,2830.0,8987,88.0,25401,25033.0,368.0,440,16.0
MS,5,2021,9792359,5997698.0,3794661.0,5132,2094.0,228082,157387.0,70695.0,91,30.0
MS,6,2020,723676,717486.0,6190.0,15389,264.0,35922,35322.0,600.0,391,8.0
MS,6,2021,9604405,5879114.0,3725291.0,4189,1823.0,222535,153478.0,69057.0,38,18.0
MS,7,2020,1503653,1464609.0,39044.0,31944,1913.0,56943,55043.0,1900.0,852,70.0
MS,7,2021,8171930,4993086.0,3178844.0,10881,4798.0,186480,128546.0,57934.0,49,17.0
MS,8,2020,2370776,2259503.0,111273.0,21714,3039.0,80303,75822.0,4481.0,608,109.0
MS,9,2020,2827691,2613581.0,214110.0,15005,3759.0,92441,84815.0,7626.0,379,86.0
MS,10,2020,3478263,3085318.0,392945.0,21304,7444.0,107774,96867.0,10907.0,435,129.0
MS,11,2020,4185066,3462512.0,722554.0,36049,17220.0,120407,103847.0,16560.0,717,302.0
MS,12,2020,5903902,4285222.0,1618680.0,63076,37164.0,155147,122394.0,32753.0,1237,695.0
MT,1,2020,0,0.0,0.0,0,0.0,0,0.0,0.0,0,0.0
MT,1,2021,2740156,2740156.0,0.0,12394,0.0,33847,33847.0,0.0,272,0.0
MT,2,2020,0,0.0,0.0,0,0.0,0,0.0,0.0,0,0.0
MT,2,2021,2725683,2725683.0,0.0,6005,0.0,37078,37078.0,0.0,124,0.0
MT,3,2020,1206,0.0,0.0,203,0.0,14,0.0,0.0,5,0.0
MT,3,2021,3170674,2981955.0,188719.0,4598,7258.0,43482,43482.0,0.0,80,0.0
MT,4,2020,11646,5339.0,0.0,250,0.0,284,168.0,0.0,11,0.0
MT,4,2021,3203336,2957351.0,245985.0,4193,2613.0,45782,45782.0,0.0,108,0.0
MT,5,2020,14620,14620.0,0.0,62,0.0,502,502.0,0.0,1,0.0
MT,5,2021,3427644,3108183.0,319461.0,3012,694.0,49497,49497.0,0.0,42,0.0
MT,6,2020,20184,20184.0,0.0,503,0.0,583,583.0,0.0,5,0.0
MT,6,2021,3387983,3032679.0,355304.0,1926,1687.0,49367,49367.0,0.0,52,0.0
MT,7,2020,72237,72237.0,0.0,2947,0.0,1125,1125.0,0.0,38,0.0
MT,7,2021,2861909,2552691.0,309218.0,1500,213.0,42011,42011.0,0.0,30,0.0
MT,8,2020,178653,178653.0,0.0,3528,0.0,2584,2584.0,0.0,45,0.0
MT,9,2020,296466,296466.0,0.0,5900,0.0,4295,4295.0,0.0,76,0.0
MT,10,2020,687278,687278.0,0.0,19408,0.0,7686,7686.0,0.0,194,0.0
MT,11,2020,1436108,1436108.0,0.0,29397,0.0,15855,15855.0,0.0,306,0.0
MT,12,2020,2292221,2292221.0,0.0,19357,0.0,25880,25880.0,0.0,280,0.0
NC,1,2020,0,0.0,0.0,0,0.0,0,0.0,0.0,0,0.0
NC,1,2021,21472885,19066115.0,2406770.0,208628,38762.0,291626,263858.0,27768.0,2998,593.0
NC,2,2020,0,0.0,0.0,0,0.0,0,0.0,0.0,0,0.0
NC,2,2021,23296355,20343249.0,2953106.0,82969,18139.0,327335,290143.0,37192.0,1320,227.0
NC,3,2020,18999,18972.0,27.0,2314,4.0,63,63.0,0.0,13,0.0
NC,3,2021,27662920,23937867.0,3725053.0,51832,13914.0,386271,341455.0,44816.0,450,61.0
NC,4,2020,192593,192424.0,169.0,9174,3.0,5782,5782.0,0.0,420,0.0
NC,4,2021,28358491,24337147.0,4021344.0,54006,13733.0,384528,339708.0,44820.0,327,45.0
NC,5,2020,624096,623804.0,292.0,19151,7.0,21748,21748.0,0.0,553,0.0
NC,5,2021,30679812,26177218.0,4502594.0,29866,7570.0,408294,360143.0,48151.0,342,58.0
NC,6,2020,1497720,1496571.0,1149.0,41133,93.0,37026,37026.0,0.0,460,0.0
NC,6,2021,30240740,25736816.0,4503924.0,12221,3453.0,402479,354803.0,47676.0,155,21.0
NC,7,2020,3142501,3127031.0,15470.0,56631,1042.0,54090,54046.0,44.0,653,3.0
NC,7,2021,25545633,21693010.0,3852623.0,18242,5207.0,338008,297910.0,40098.0,92,16.0
NC,8,2020,4687419,4623132.0,64287.0,44969,1938.0,79403,79201.0,202.0,879,9.0
NC,9,2020,5837836,5704764.0,133072.0,41368,3001.0,102433,101589.0,844.0,849,33.0
NC,10,2020,7645361,7356812.0,288549.0,65169,6683.0,131780,129546.0,2234.0,898,63.0
NC,11,2020,9765277,9225646.0,539631.0,94767,11539.0,158579,153854.0,4725.0,1119,111.0
NC,12,2020,14654059,13457172.0,1196887.0,199489,31848.0,208477,196814.0,11663.0,2042,373.0
ND,1,2020,0,0.0,0.0,0,0.0,0,0.0,0.0,0,0.0
ND,1,2021,2964952,2847766.0,117186.0,4913,1320.0,42668,0.0,0.0,113,0.0
ND,2,2020,0,0.0,0.0,0,0.0,0,0.0,0.0,0,0.0
ND,2,2021,2766713,2630819.0,135894.0,2169,869.0,40128,0.0,0.0,23,0.0
ND,3,2020,787,0.0,0.0,126,0.0,9,0.0,0.0,3,0.0
ND,3,2021,3142857,2961781.0,181076.0,3447,1344.0,45191,0.0,0.0,21,0.0
ND,4,2020,14825,9695.0,0.0,941,0.0,294,0.0,0.0,16,0.0
ND,4,2021,3165979,2943532.0,222447.0,4340,1620.0,44331,0.0,0.0,28,0.0
ND,5,2020,57772,57772.0,0.0,1510,0.0,1315,0.0,0.0,42,0.0
ND,5,2021,3381328,3111933.0,269395.0,2323,774.0,46628,0.0,0.0,18,0.0
ND,6,2020,93160,93160.0,0.0,999,0.0,2228,0.0,0.0,18,0.0
ND,6,2021,3313649,3040284.0,273365.0,756,217.0,45649,0.0,0.0,16,0.0
ND,7,2020,151646,151646.0,0.0,3026,0.0,2828,0.0,0.0,24,0.0
ND,7,2021,2773521,2542055.0,231466.0,509,169.0,38342,0.0,0.0,10,0.0
ND,8,2020,278250,278250.0,0.0,5398,0.0,3884,0.0,0.0,42,0.0
ND,9,2020,506450,506450.0,0.0,10218,0.0,5613,0.0,0.0,111,0.0
ND,10,2020,992018,992018.0,0.0,22825,0.0,12112,0.0,0.0,275,0.0
ND,11,2020,1938297,1938297.0,0.0,34612,0.0,22720,0.0,0.0,423,0.0
ND,12,2020,2731806,2673524.0,58282.0,13115,3040.0,36240,0.0,0.0,355,0.0
NE,1,2020,0,0.0,0.0,0,0.0,0,0.0,0.0,0,0.0
NE,1,2021,5600498,0.0,0.0,23930,0.0,56270,0.0,0.0,269,0.0
NE,2,2020,0,0.0,0.0,0,0.0,0,0.0,0.0,0,0.0
NE,2,2021,5509620,0.0,0.0,10169,0.0,56274,0.0,0.0,162,0.0
NE,3,2020,1170,0.0,0.0,177,0.0,11,0.0,0.0,3,0.0
NE,3,2021,6367467,0.0,0.0,8464,0.0,66169,0.0,0.0,98,0.0
NE,4,2020,43574,0.0,0.0,4104,0.0,859,0.0,0.0,67,0.0
NE,4,2021,6475378,0.0,0.0,10688,0.0,66514,0.0,0.0,65,0.0
NE,5,2020,305454,0.0,0.0,9820,0.0,3759,0.0,0.0,100,0.0
NE,5,2021,6890281,0.0,0.0,3204,0.0,69832,0.0,0.0,4,0.0
NE,6,2020,508005,0.0,0.0,5076,0.0,6750,0.0,0.0,104,0.0
NE,6,2021,6718510,0.0,0.0,1217,0.0,67684,0.0,0.0,12,0.0
NE,7,2020,691047,0.0,0.0,7034,0.0,9284,0.0,0.0,58,0.0
NE,7,2021,5642678,0.0,0.0,2254,0.0,56768,0.0,0.0,23,0.0
NE,8,2020,939365,0.0,0.0,8076,0.0,11256,0.0,0.0,65,0.0
NE,9,2020,1186681,0.0,0.0,11278,0.0,13127,0.0,0.0,81,0.0
NE,10,2020,1761253,0.0,0.0,25178,0.0,17174,0.0,0.0,174,0.0
NE,11,2020,3006431,0.0,0.0,57681,0.0,24508,0.0,0.0,366,0.0
NE,12,2020,4682042,0.0,0.0,38489,0.0,43646,0.0,0.0,633,0.0
NH,1,2020,0,0.0,0.0,0,0.0,0,0.0,0.0,0,0.0
NH,1,2021,1735194,0.0,0.0,21667,7357.0,28266,0.0,0.0,299,112.0
NH,2,2020,0,0.0,0.0,0,0.0,0,0.0,0.0,0,0.0
NH,2,2021,1985785,0.0,0.0,9729,3649.0,31580,0.0,0.0,113,41.0
NH,3,2020,2228,0.0,0.0,367,0.0,17,0.0,0.0,3,0.0
NH,3,2021,2460709,0.0,0.0,8752,3603.0,37340,0.0,0.0,68,21.0
NH,4,2020,36789,0.0,0.0,1779,0.0,1009,0.0,0.0,69,0.0
NH,4,2021,2708090,0.0,0.0,10710,3998.0,38007,0.0,0.0,65,15.0
NH,5,2020,109005,0.0,0.0,2505,0.0,5085,0.0,0.0,173,0.0
NH,5,2021,3019180,0.0,0.0,3860,1359.0,41227,0.0,0.0,50,10.0
NH,6,2020,159656,0.0,0.0,1131,0.0,9557,0.0,0.0,126,0.0
NH,6,2021,2975003,0.0,0.0,758,222.0,40894,0.0,0.0,19,7.0
NH,7,2020,190938,0.0,0.0,801,0.0,12241,0.0,0.0,44,0.0
NH,7,2021,2495684,0.0,0.0,648,285.0,34457,0.0,0.0,13,5.0
NH,8,2020,215935,0.0,0.0,692,0.0,13146,0.0,0.0,17,0.0
NH,9,2020,233082,0.0,0.0,991,0.0,13080,0.0,0.0,7,0.0
NH,10,2020,296946,0.0,0.0,2818,847.0,14313,0.0,0.0,44,9.0
NH,11,2020,458040,0.0,0.0,9910,3094.0,15030,0.0,0.0,43,5.0
NH,12,2020,1021904,0.0,0.0,23034,7391.0,19496,0.0,0.0,232,61.0
NJ,1,2020,0,0.0,0.0,0,0.0,0,0.0,0.0,0,0.0
NJ,1,2021,19149632,15272117.0,1714696.0,169045,22864.0,630514,565867.0,64647.0,2442,108.0
NJ,2,2020,0,0.0,0.0,0,0.0,0,0.0,0.0,0,0.0
NJ,2,2021,20883255,18620638.0,2262617.0,92527,14343.0,628952,565985.0,62967.0,1768,202.0
NJ,3,2020,92474,0.0,0.0,18696,0.0,1161,0.0,0.0,267,0.0
NJ,3,2021,26273273,23238063.0,3035210.0,119460,21794.0,742686,666009.0,76677.0,1309,237.0
NJ,4,2020,2186654,890293.0,0.0,99957,1.0,102706,67665.0,0.0,6961,0.0
NJ,4,2021,28946398,25396159.0,3550239.0,97412,14871.0,751647,673932.0,77715.0,993,57.0
NJ,5,2020,4475207,0.0,0.0,42154,361.0,308935,308935.0,0.0,4470,0.0
NJ,5,2021,31313185,27361568.0,3951617.0,19109,4337.0,804216,722060.0,82156.0,658,45.0
NJ,6,2020,5029398,0.0,0.0,11871,649.0,388821,377697.0,11124.0,1513,30.0
NJ,6,2021,30602963,26716467.0,3886496.0,7063,1779.0,790472,709842.0,80630.0,245,33.0
NJ,7,2020,5519694,0.0,0.0,11286,1293.0,482452,422975.0,59477.0,784,21.0
NJ,7,2021,25684783,22413895.0,3270888.0,10317,1020.0,662944,595157.0,67787.0,118,15.0
NJ,8,2020,5892472,0.0,0.0,11506,1206.0,492929,436102.0,56827.0,126,-95.0
NJ,9,2020,6070775,0.0,0.0,15118,1803.0,481458,427633.0,53825.0,177,7.0
NJ,10,2020,7042601,0.0,0.0,39343,6732.0,502729,447273.0,55456.0,228,6.0
NJ,11,2020,9129982,0.0,0.0,117852,18434.0,498695,444456.0,54239.0,643,36.0
NJ,12,2020,14067740,0.0,0.0,160001,19945.0,557416,498646.0,58770.0,2049,192.0
NM,1,2020,0,0.0,0.0,0,0.0,0,0.0,0.0,0,0.0
NM,1,2021,4991706,0.0,0.0,31200,0.0,106064,0.0,0.0,701,29.0
NM,2,2020,0,0.0,0.0,0,0.0,0,0.0,0.0,0,0.0
NM,2,2021,5048983,0.0,0.0,11068,0.0,109320,0.0,0.0,302,15.0
NM,3,2020,1972,0.0,0.0,315,0.0,21,0.0,0.0,6,0.0
NM,3,2021,5848479,0.0,0.0,6520,0.0,127605,0.0,0.0,145,4.0
NM,4,2020,49419,0.0,0.0,3096,0.0,1933,0.0,0.0,156,17.0
NM,4,2021,5840848,0.0,0.0,6081,0.0,126488,0.0,0.0,73,5.0
NM,5,2020,177975,0.0,0.0,4278,0.0,9418,0.0,0.0,252,11.0
NM,5,2021,6226033,0.0,0.0,5415,0.0,132779,0.0,0.0,78,8.0
NM,6,2020,298313,0.0,0.0,4458,0.0,14500,0.0,0.0,123,5.0
NM,6,2021,6132828,0.0,0.0,2394,0.0,130471,0.0,0.0,51,5.0
NM,7,2020,504135,0.0,0.0,8453,0.0,18886,0.0,0.0,165,8.0
NM,7,2021,5171831,0.0,0.0,2945,0.0,109661,0.0,0.0,22,0.0
NM,8,2020,721859,0.0,0.0,4752,0.0,23834,0.0,0.0,116,4.0
NM,9,2020,815678,0.0,0.0,4083,0.0,25453,0.0,0.0,63,6.0
NM,10,2020,1131556,0.0,0.0,17055,0.0,29357,0.0,0.0,196,13.0
NM,11,2020,2072560,0.0,0.0,50605,0.0,44648,0.0,0.0,863,66.0
NM,12,2020,3811793,0.0,0.0,45769,0.0,78844,0.0,0.0,1085,63.0
NV,1,2020,0,0.0,0.0,0,0.0,0,0.0,0.0,0,0.0
NV,1,2021,7958303,0.0,0.0,53577,0.0,114932,0.0,0.0,1145,0.0
NV,2,2020,0,0.0,0.0,0,0.0,0,0.0,0.0,0,0.0
NV,2,2021,8053078,0.0,0.0,15446,0.0,131340,0.0,0.0,687,0.0
NV,3,2020,6598,0.0,0.0,1113,0.0,135,0.0,0.0,26,0.0
NV,3,2021,9279201,0.0,0.0,10008,0.0,158849,0.0,0.0,292,0.0
NV,4,2020,97234,0.0,0.0,3894,9.0,4084,0.0,0.0,226,9.0
NV,4,2021,9290181,0.0,0.0,11676,0.0,160772,0.0,0.0,215,0.0
NV,5,2020,211051,0.0,0.0,3603,8.0,10873,0.0,0.0,186,8.0
NV,5,2021,9935903,0.0,0.0,8694,0.0,171433,0.0,0.0,122,0.0
NV,6,2020,367131,0.0,0.0,10074,211.0,14411,0.0,0.0,91,5.0
NV,6,2021,9853581,0.0,0.0,9580,0.0,169009,0.0,0.0,95,0.0
NV,7,2020,1017644,0.0,0.0,29628,-4.0,20572,0.0,0.0,327,4.0
NV,7,2021,8529959,0.0,0.0,15331,0.0,143555,0.0,0.0,136,0.0
NV,8,2020,1882619,0.0,0.0,21172,32.0,34230,0.0,0.0,478,3.0
NV,9,2020,2239884,0.0,0.0,10601,-151.0,45434,0.0,0.0,308,13.0
NV,10,2020,2773765,0.0,0.0,20678,-105.0,53448,0.0,0.0,135,-42.0
NV,11,2020,3704393,0.0,0.0,51406,0.0,58233,0.0,0.0,367,0.0
NV,12,2020,5963183,0.0,0.0,72562,0.0,81669,0.0,0.0,981,0.0
NY,1,2020,0,0.0,0.0,0,0.0,0,0.0,0.0,0,0.0
NY,1,2021,21552025,0.0,0.0,263125,0.0,450326,0.0,0.0,3654,0.0
NY,2,2020,0,0.0,0.0,0,0.0,0,0.0,0.0,0,0.0
NY,2,2021,24357506,0.0,0.0,107667,0.0,484271,0.0,0.0,1783,0.0
NY,3,2020,196014,0.0,0.0,32656,0.0,938,0.0,0.0,211,0.0
NY,3,2021,30132133,0.0,0.0,107227,0.0,571596,0.0,0.0,781,0.0
NY,4,2020,2793926,0.0,0.0,104238,0.0,89509,0.0,0.0,5134,0.0
NY,4,2021,32413693,0.0,0.0,92985,0.0,573686,0.0,0.0,625,0.0
NY,5,2020,4818257,0.0,0.0,30573,0.0,221857,0.0,0.0,2785,0.0
NY,5,2021,35315117,0.0,0.0,32062,0.0,608318,0.0,0.0,371,0.0
NY,6,2020,5210203,0.0,0.0,10808,0.0,254661,0.0,0.0,550,0.0
NY,6,2021,34651555,0.0,0.0,6255,0.0,596241,0.0,0.0,150,0.0
NY,7,2020,5711458,0.0,0.0,11591,0.0,271752,0.0,0.0,161,0.0
NY,7,2021,29022425,0.0,0.0,9235,0.0,498765,0.0,0.0,43,0.0
NY,8,2020,6054093,0.0,0.0,10653,0.0,276007,0.0,0.0,111,0.0
NY,9,2020,6228875,0.0,0.0,14089,0.0,269943,0.0,0.0,89,0.0
NY,10,2020,7088143,0.0,0.0,29663,0.0,283443,0.0,0.0,222,0.0
NY,11,2020,8489335,0.0,0.0,91730,0.0,286522,0.0,0.0,739,0.0
NY,12,2020,13664082,0.0,0.0,212153,0.0,346494,0.0,0.0,2564,0.0
NYC,1,2020,0,0.0,0.0,0,0.0,0,0.0,0.0,0,0.0
NYC,1,2021,16511178,14383001.0,2128177.0,175380,35389.0,807692,658888.0,148804.0,2131,116.0
NYC,2,2020,0,0.0,0.0,0,0.0,0,0.0,0.0,0,0.0
NYC,2,2021,18949935,16171627.0,2778308.0,113681,25485.0,794067,656767.0,137300.0,2214,84.0
NYC,3,2020,395180,394175.0,1005.0,53869,268.0,7137,6174.0,963.0,1744,263.0
NYC,3,2021,24577441,20626374.0,3951067.0,120593,30917.0,942520,788389.0,154131.0,1871,54.0
NYC,4,2020,3803134,3727080.0,76054.0,120300,3773.0,341498,265665.0,75833.0,16734,3770.0
NYC,4,2021,26969693,22351397.0,4618296.0,77525,18888.0,960787,809968.0,150819.0,1320,53.0
NYC,5,2020,6013451,5878301.0,135150.0,32688,470.0,648723,513844.0,134879.0,3653,460.0
NYC,5,2021,29213833,24109337.0,5104496.0,19860,4928.0,1023188,866136.0,157052.0,647,25.0
NYC,6,2020,6389301,6248265.0,141036.0,10966,399.0,679360,543053.0,136307.0,823,76.0
NYC,6,2021,28590512,23573034.0,5017475.0,6357,1441.0,1000583,848017.0,152566.0,178,17.0
NYC,7,2020,6932397,6771373.0,161024.0,10719,566.0,716927,574529.0,142398.0,309,42.0
NYC,7,2021,24026188,19797737.0,4228451.0,13592,3496.0,836693,709214.0,127479.0,89,12.0
NYC,8,2020,7215339,7035189.0,180150.0,8168,679.0,723428,580125.0,143303.0,142,21.0
NYC,9,2020,7248346,7050425.0,197921.0,10589,1030.0,704073,564912.0,139161.0,125,13.0
NYC,10,2020,7977210,7707074.0,270136.0,20792,3791.0,732208,588005.0,144203.0,174,13.0
NYC,11,2020,8759811,8247443.0,512368.0,54418,13466.0,715891,575821.0,140070.0,329,25.0
NYC,12,2020,11798141,10627729.0,1170412.0,119963,26388.0,758928,612969.0,145959.0,1028,61.0
OH,1,2020,0,0.0,0.0,0,0.0,0,0.0,0.0,0,0.0
OH,1,2021,25171160,22223025.0,2948135.0,195412,42766.0,313273,280829.0,32444.0,2213,370.0
OH,2,2020,0,0.0,0.0,0,0.0,0,0.0,0.0,0,0.0
OH,2,2021,26258115,22668145.0,3589970.0,71630,23182.0,412088,355446.0,56642.0,2359,1368.0
OH,3,2020,12054,0.0,0.0,2199,0.0,213,0.0,0.0,55,0.0
OH,3,2021,30773162,26215094.0,4558068.0,50144,17418.0,559392,556798.0,2594.0,1314,-2588.0
OH,4,2020,287070,224144.0,7845.0,15828,742.0,12506,9468.0,547.0,920,77.0
OH,4,2021,31421750,26504315.0,4917435.0,54746,15759.0,567861,567861.0,0.0,673,0.0
OH,5,2020,847282,797056.0,50226.0,17486,1698.0,49709,45008.0,4701.0,1180,134.0
OH,5,2021,33790446,28331931.0,5458515.0,29932,8373.0,606454,606454.0,0.0,577,0.0
OH,6,2020,1280056,1188531.0,91525.0,16276,1127.0,77119,70172.0,6947.0,708,37.0
OH,6,2021,33223798,27789446.0,5434349.0,9080,2906.0,603419,603419.0,0.0,448,0.0
OH,7,2020,2204116,2076641.0,127475.0,39370,1259.0,97111,89154.0,7957.0,626,19.0
OH,7,2021,27893222,23296159.0,4597063.0,10538,3662.0,510010,510010.0,0.0,158,0.0
OH,8,2020,3343527,3166509.0,177018.0,31998,1665.0,118706,110133.0,8573.0,649,17.0
OH,9,2020,4189620,3965028.0,224592.0,30830,2305.0,134897,126058.0,8839.0,666,19.0
OH,10,2020,5591170,5268342.0,322828.0,61710,3545.0,157317,147736.0,9581.0,497,10.0
OH,11,2020,9233817,8735922.0,497895.0,205366,10351.0,174314,163487.0,10827.0,1128,107.0
OH,12,2020,17883668,16366794.0,1516874.0,279317,49352.0,240316,220839.0,19477.0,2533,430.0
OK,1,2020,0,0.0,0.0,0,0.0,0,0.0,0.0,0,0.0
OK,1,2021,11579489,9320761.0,2258728.0,83375,23729.0,169551,147183.0,22368.0,1678,386.0
OK,2,2020,163,0.0,0.0,28,0.0,0,0.0,0.0,0,0.0
OK,2,2021,11902908,9432147.0,2470761.0,24269,7415.0,185855,158399.0,27456.0,671,133.0
OK,3,2020,18028,0.0,0.0,1627,0.0,192,192.0,0.0,31,0.0
OK,3,2021,13590148,10739720.0,2850428.0,9213,2426.0,218744,186035.0,32709.0,237,36.0
OK,4,2020,91142,0.0,0.0,2789,0.0,4241,4241.0,0.0,209,0.0
OK,4,2021,13376843,10559598.0,2817245.0,6789,1722.0,216364,184093.0,32271.0,106,11.0
OK,5,2020,185581,0.0,0.0,2983,0.0,9701,9701.0,0.0,124,0.0
OK,5,2021,13997925,11044912.0,2953013.0,4072,813.0,225806,192300.0,33506.0,60,2.0
OK,6,2020,362887,0.0,0.0,11587,2.0,12036,12034.0,2.0,74,1.0
OK,6,2021,13662562,10778858.0,2883704.0,4938,1365.0,220651,188023.0,32628.0,77,11.0
OK,7,2020,981410,0.0,0.0,23629,4.0,16535,16465.0,70.0,229,4.0
OK,7,2021,11606304,9143516.0,2462788.0,14318,3929.0,185711,158246.0,27465.0,75,12.0
OK,8,2020,1641136,0.0,0.0,20734,2.0,26440,26221.0,219.0,361,3.0
OK,9,2020,2362612,2158456.0,74383.0,30917,5265.0,36214,35896.0,318.0,346,8.0
OK,10,2020,3527971,3252681.0,275290.0,39651,7523.0,50681,49588.0,1093.0,572,50.0
OK,11,2020,5324714,4649016.0,675698.0,85987,19777.0,71882,68547.0,3335.0,1002,123.0
OK,12,2020,8466998,7059310.0,1407688.0,105592,26887.0,117402,106849.0,10553.0,1616,325.0
OR,1,2020,0,0.0,0.0,0,0.0,0,0.0,0.0,0,0.0
OR,1,2021,4048264,3994944.0,53320.0,28507,0.0,53916,53451.0,465.0,480,0.0
OR,2,2020,1,0.0,0.0,1,0.0,0,0.0,0.0,0,0.0
OR,2,2021,4203288,4155128.0,48160.0,13181,0.0,58850,58430.0,420.0,251,0.0
OR,3,2020,4602,0.0,0.0,689,0.0,127,0.0,0.0,18,0.0
OR,3,2021,4964734,4956134.0,8600.0,9415,-1720.0,72229,72154.0,75.0,175,-15.0
OR,4,2020,50481,26490.0,0.0,1820,0.0,1828,1047.0,0.0,85,0.0
OR,4,2021,5218894,5218894.0,0.0,19800,0.0,73483,73483.0,0.0,112,0.0
OR,5,2020,108477,106649.0,1828.0,1733,108.0,4161,4161.0,0.0,50,0.0
OR,5,2021,6036583,6036583.0,0.0,16663,0.0,80044,80044.0,0.0,176,0.0
OR,6,2020,183829,179466.0,4363.0,4413,283.0,5405,5380.0,25.0,54,3.0
OR,6,2021,6164471,6164471.0,0.0,7162,0.0,81960,81960.0,0.0,103,0.0
OR,7,2020,420162,410527.0,9635.0,9837,561.0,7862,7799.0,63.0,115,3.0
OR,7,2021,5286258,5286258.0,0.0,6232,0.0,70144,70144.0,0.0,62,0.0
OR,8,2020,713781,693560.0,20221.0,8220,327.0,12093,11940.0,153.0,137,5.0
OR,9,2020,899869,857174.0,42695.0,6796,334.0,15389,14994.0,395.0,100,3.0
OR,10,2020,1207021,1153937.0,53084.0,11412,107.0,19189,18724.0,465.0,130,1.0
OR,11,2020,1751781,1700181.0,51600.0,30510,0.0,23516,23066.0,450.0,223,0.0
OR,12,2020,3000431,2947111.0,53320.0,38478,0.0,38275,37810.0,465.0,565,0.0
PA,1,2020,0,0.0,0.0,0,0.0,0,0.0,0.0,0,0.0
PA,1,2021,23361229,20640630.0,2720599.0,202899,43520.0,588068,0.0,0.0,5624,807.0
PA,2,2020,0,0.0,0.0,0,0.0,0,0.0,0.0,0,0.0
PA,2,2021,25005188,21613245.0,3391943.0,88418,20416.0,645042,0.0,0.0,2419,164.0
PA,3,2020,23427,0.0,0.0,4843,0.0,248,0.0,0.0,63,0.0
PA,3,2021,30211839,25856015.0,4355824.0,93215,22703.0,763256,0.0,0.0,1072,-38.0
PA,4,2020,801615,490743.0,5082.0,40920,799.0,26375,0.0,0.0,2229,49.0
PA,4,2021,32785388,27744891.0,5040497.0,125868,29183.0,768464,0.0,0.0,1125,-22.0
PA,5,2020,1890071,1851419.0,38652.0,26519,1395.0,130373,0.0,0.0,3275,549.0
PA,5,2021,36684045,30811213.0,5872832.0,51174,12689.0,830228,0.0,0.0,996,60.0
PA,6,2020,2395207,2327338.0,67869.0,14960,487.0,187817,0.0,0.0,1120,-337.0
PA,6,2021,36258123,30366702.0,5891421.0,9892,2777.0,824876,0.0,0.0,464,35.0
PA,7,2020,3091569,3003973.0,87596.0,25694,666.0,216145,0.0,0.0,517,-11.0
PA,7,2021,30382256,25432433.0,4949823.0,8044,1796.0,694020,0.0,0.0,149,12.0
PA,8,2020,3838520,3730484.0,108036.0,21089,657.0,230985,0.0,0.0,469,13.0
PA,9,2020,4400520,4269822.0,130698.0,24942,1229.0,237397,0.0,0.0,469,27.0
PA,10,2020,5597931,5378003.0,219928.0,49060,4821.0,262349,0.0,0.0,670,41.0
PA,11,2020,8239957,7728219.0,511738.0,153451,15692.0,284021,0.0,0.0,1571,360.0
PA,12,2020,15900684,14499508.0,1401176.0,279127,40405.0,407512,0.0,0.0,5595,915.0
PR,1,2020,0,0.0,0.0,0,0.0,0,0.0,0.0,0,0.0
PR,1,2021,2685381,2503221.0,182160.0,17184,2071.0,52523,43840.0,8683.0,315,25.0
PR,2,2020,0,0.0,0.0,0,0.0,0,0.0,0.0,0,0.0
PR,2,2021,2736236,2529757.0,206479.0,6346,1078.0,54217,45946.0,8271.0,201,15.0
PR,3,2020,972,0.0,0.0,239,0.0,35,0.0,0.0,8,0.0
PR,3,2021,3210459,2949541.0,260918.0,6886,1628.0,64599,55256.0,9343.0,81,10.0
PR,4,2020,28967,15019.0,0.0,1300,0.0,1504,825.0,0.0,84,0.0
PR,4,2021,3597224,3204911.0,392313.0,24486,6272.0,66012,56288.0,9724.0,192,23.0
PR,5,2020,81789,64140.0,17649.0,2237,2472.0,3633,2114.0,1519.0,44,73.0
PR,5,2021,4229630,3726282.0,503348.0,6801,892.0,75215,64468.0,10747.0,195,15.0
PR,6,2020,176533,44382.0,132151.0,3761,3336.0,4387,1769.0,2618.0,17,21.0
PR,6,2021,4184579,3678293.0,506286.0,1301,402.0,76004,65376.0,10628.0,44,3.0
PR,7,2020,363904,113018.0,250886.0,10335,5521.0,5557,2498.0,3059.0,72,16.0
PR,7,2021,3535479,3096452.0,439027.0,4142,1566.0,63953,55017.0,8936.0,19,5.0
PR,8,2020,818255,356317.0,461938.0,15549,6508.0,10472,6477.0,3995.0,210,37.0
PR,9,2020,1202680,577291.0,625389.0,15646,7054.0,16933,11962.0,4971.0,230,26.0
PR,10,2020,1781324,896596.0,884728.0,17594,7229.0,23466,17756.0,5710.0,167,27.0
PR,11,2020,1506700,1283684.0,223016.0,-13341,-30447.0,28860,22477.0,6383.0,290,25.0
PR,12,2020,2026576,1930500.0,96076.0,23734,3054.0,41088,33587.0,7501.0,399,39.0
PW,1,2020,0,0.0,0.0,0,0.0,0,0.0,0.0,0,0.0
PW,1,2021,0,0.0,0.0,0,0.0,0,0.0,0.0,0,0.0
PW,2,2020,0,0.0,0.0,0,0.0,0,0.0,0.0,0,0.0
PW,2,2021,0,0.0,0.0,0,0.0,0,0.0,0.0,0,0.0
PW,3,2020,0,0.0,0.0,0,0.0,0,0.0,0.0,0,0.0
PW,3,2021,0,0.0,0.0,0,0.0,0,0.0,0.0,0,0.0
PW,4,2020,0,0.0,0.0,0,0.0,0,0.0,0.0,0,0.0
PW,4,2021,0,0.0,0.0,0,0.0,0,0.0,0.0,0,0.0
PW,5,2020,0,0.0,0.0,0,0.0,0,0.0,0.0,0,0.0
PW,5,2021,1,0.0,0.0,0,0.0,0,0.0,0.0,0,0.0
PW,6,2020,0,0.0,0.0,0,0.0,0,0.0,0.0,0,0.0
PW,6,2021,51,0.0,0.0,0,0.0,0,0.0,0.0,0,0.0
PW,7,2020,0,0.0,0.0,0,0.0,0,0.0,0.0,0,0.0
PW,7,2021,50,0.0,0.0,0,0.0,0,0.0,0.0,0,0.0
PW,8,2020,0,0.0,0.0,0,0.0,0,0.0,0.0,0,0.0
PW,9,2020,0,0.0,0.0,0,0.0,0,0.0,0.0,0,0.0
PW,10,2020,0,0.0,0.0,0,0.0,0,0.0,0.0,0,0.0
PW,11,2020,0,0.0,0.0,0,0.0,0,0.0,0.0,0,0.0
PW,12,2020,0,0.0,0.0,0,0.0,0,0.0,0.0,0,0.0
RI,1,2020,0,0.0,0.0,0,0.0,0,0.0,0.0,0,0.0
RI,1,2021,3240338,0.0,0.0,26131,0.0,66804,0.0,0.0,435,0.0
RI,2,2020,0,0.0,0.0,0,0.0,0,0.0,0.0,0,0.0
RI,2,2021,3402983,0.0,0.0,10608,0.0,69203,0.0,0.0,193,0.0
RI,3,2020,2794,0.0,0.0,510,0.0,30,0.0,0.0,9,0.0
RI,3,2021,4088795,0.0,0.0,11213,0.0,80282,0.0,0.0,86,0.0
RI,4,2020,122936,0.0,0.0,8193,0.0,4221,0.0,0.0,331,0.0
RI,4,2021,4310583,0.0,0.0,10639,0.0,79623,0.0,0.0,51,0.0
RI,5,2020,383552,0.0,0.0,6172,0.0,19164,0.0,0.0,485,0.0
RI,5,2021,4668522,0.0,0.0,3539,0.0,83813,0.0,0.0,37,0.0
RI,6,2020,479953,0.0,0.0,1902,0.0,27395,0.0,0.0,148,0.0
RI,6,2021,4567304,0.0,0.0,683,0.0,81782,0.0,0.0,16,0.0
RI,7,2020,549354,0.0,0.0,2238,0.0,31179,0.0,0.0,53,0.0
RI,7,2021,3822878,0.0,0.0,919,0.0,68396,0.0,0.0,6,0.0
RI,8,2020,635731,0.0,0.0,2811,0.0,32587,0.0,0.0,52,0.0
RI,9,2020,695658,0.0,0.0,2965,0.0,33088,0.0,0.0,47,0.0
RI,10,2020,879159,0.0,0.0,8683,0.0,36190,0.0,0.0,89,0.0
RI,11,2020,1332445,0.0,0.0,23505,0.0,38940,0.0,0.0,198,0.0
RI,12,2020,2333687,0.0,0.0,32736,0.0,51885,0.0,0.0,503,0.0
RMI,1,2020,0,0.0,0.0,0,0.0,0,0.0,0.0,0,0.0
RMI,1,2021,124,124.0,0.0,0,0.0,0,0.0,0.0,0,0.0
RMI,2,2020,0,0.0,0.0,0,0.0,0,0.0,0.0,0,0.0
RMI,2,2021,112,112.0,0.0,0,0.0,0,0.0,0.0,0,0.0
RMI,3,2020,0,0.0,0.0,0,0.0,0,0.0,0.0,0,0.0
RMI,3,2021,124,124.0,0.0,0,0.0,0,0.0,0.0,0,0.0
RMI,4,2020,0,0.0,0.0,0,0.0,0,0.0,0.0,0,0.0
RMI,4,2021,120,120.0,0.0,0,0.0,0,0.0,0.0,0,0.0
RMI,5,2020,0,0.0,0.0,0,0.0,0,0.0,0.0,0,0.0
RMI,5,2021,124,124.0,0.0,0,0.0,0,0.0,0.0,0,0.0
RMI,6,2020,0,0.0,0.0,0,0.0,0,0.0,0.0,0,0.0
RMI,6,2021,120,120.0,0.0,0,0.0,0,0.0,0.0,0,0.0
RMI,7,2020,0,0.0,0.0,0,0.0,0,0.0,0.0,0,0.0
RMI,7,2021,100,100.0,0.0,0,0.0,0,0.0,0.0,0,0.0
RMI,8,2020,0,0.0,0.0,0,0.0,0,0.0,0.0,0,0.0
RMI,9,2020,0,0.0,0.0,0,0.0,0,0.0,0.0,0,0.0
RMI,10,2020,8,8.0,0.0,2,0.0,0,0.0,0.0,0,0.0
RMI,11,2020,75,58.0,17.0,2,0.0,0,0.0,0.0,0,0.0
RMI,12,2020,124,124.0,0.0,0,0.0,0,0.0,0.0,0,0.0
SC,1,2020,0,0.0,0.0,0,0.0,0,0.0,0.0,0,0.0
SC,1,2021,12503854,10998484.0,1505370.0,143549,30058.0,207192,0.0,0.0,2056,325.0
SC,2,2020,0,0.0,0.0,0,0.0,0,0.0,0.0,0,0.0
SC,2,2021,14007750,12017221.0,1990529.0,57344,15631.0,233864,0.0,0.0,1052,174.0
SC,3,2020,7078,7078.0,0.0,1143,0.0,154,0.0,0.0,30,0.0
SC,3,2021,16746386,14158708.0,2587678.0,30058,10825.0,280001,0.0,0.0,458,76.0
SC,4,2020,116699,116699.0,0.0,5062,0.0,4214,0.0,0.0,230,0.0
SC,4,2021,17028254,14225933.0,2802321.0,24705,8911.0,281556,0.0,0.0,316,52.0
SC,5,2020,278099,278099.0,0.0,6220,0.0,12338,0.0,0.0,257,0.0
SC,5,2021,18187396,15076276.0,3111120.0,12875,4722.0,299374,0.0,0.0,204,23.0
SC,6,2020,662387,661157.0,1230.0,25254,169.0,19458,0.0,0.0,286,9.0
SC,6,2021,17841439,14741516.0,3099923.0,5197,1858.0,293751,0.0,0.0,95,16.0
SC,7,2020,2039133,2021909.0,17224.0,53859,1072.0,38746,0.0,0.0,1039,46.0
SC,7,2021,15038755,12395635.0,2643120.0,10306,3125.0,246703,0.0,0.0,82,23.0
SC,8,2020,3388229,3325347.0,62882.0,32418,1663.0,75044,0.0,0.0,1055,81.0
SC,9,2020,4134461,4004450.0,130011.0,25521,2675.0,96851,0.0,0.0,608,50.0
SC,10,2020,5075470,4841605.0,233865.0,29012,4135.0,116073,0.0,0.0,499,58.0
SC,11,2020,5978469,5598438.0,380031.0,43388,6129.0,127765,0.0,0.0,525,70.0
SC,12,2020,8374298,7660762.0,713536.0,101470,16323.0,155996,0.0,0.0,1126,187.0
SD,1,2020,0,0.0,0.0,0,0.0,0,0.0,0.0,0,0.0
SD,1,2021,3244540,0.0,0.0,9086,2453.0,50600,40858.0,9742.0,290,67.0
SD,2,2020,0,0.0,0.0,0,0.0,0,0.0,0.0,0,0.0
SD,2,2021,3089709,0.0,0.0,4177,1024.0,51382,41579.0,9803.0,110,6.0
SD,3,2020,713,0.0,0.0,108,0.0,21,0.0,0.0,1,0.0
SD,3,2021,3565684,0.0,0.0,5332,1250.0,59314,48233.0,11081.0,47,2.0
SD,4,2020,36408,0.0,0.0,2341,0.0,212,123.0,0.0,16,0.0
SD,4,2021,3614700,0.0,0.0,4901,1130.0,58493,47630.0,10863.0,32,7.0
SD,5,2020,118992,0.0,0.0,2544,0.0,1279,1278.0,1.0,45,0.0
SD,5,2021,3831737,0.0,0.0,1531,323.0,61727,50201.0,11526.0,47,9.0
SD,6,2020,177960,0.0,0.0,1771,0.0,2282,2262.0,20.0,29,1.0
SD,6,2021,3731319,0.0,0.0,345,22.0,60777,49470.0,11307.0,21,3.0
SD,7,2020,240095,0.0,0.0,2000,0.0,3471,3445.0,26.0,39,-1.0
SD,7,2021,3119045,0.0,0.0,412,35.0,50986,41536.0,9450.0,6,0.0
SD,8,2020,326659,0.0,0.0,4745,0.0,4707,4655.0,52.0,37,2.0
SD,9,2020,529111,0.0,0.0,8880,0.0,5746,5686.0,60.0,56,0.0
SD,10,2020,1007707,0.0,0.0,23603,1776.0,9783,9533.0,250.0,202,19.0
SD,11,2020,1938993,0.0,0.0,34472,3715.0,19937,17826.0,2111.0,521,113.0
SD,12,2020,2843016,0.0,0.0,18700,3623.0,39406,32363.0,7043.0,542,150.0
TN,1,2020,0,0.0,0.0,0,0.0,0,0.0,0.0,0,0.0
TN,1,2021,21179212,18113870.0,3065342.0,127764,35788.0,289052,237252.0,51800.0,2782,830.0
TN,2,2020,0,0.0,0.0,0,0.0,0,0.0,0.0,0,0.0
TN,2,2021,21279740,17887152.0,3392588.0,43787,13595.0,311147,250648.0,60499.0,919,208.0
TN,3,2020,24717,24671.0,46.0,3232,9.0,111,106.0,5.0,28,2.0
TN,3,2021,24650883,20551992.0,4098891.0,34813,10605.0,363746,292840.0,70906.0,438,91.0
TN,4,2020,212533,211738.0,795.0,9451,57.0,4222,4042.0,180.0,195,7.0
TN,4,2021,24889437,20619979.0,4269458.0,32219,9302.0,362173,291323.0,70850.0,303,57.0
TN,5,2020,572440,569029.0,3411.0,12273,88.0,10179,9667.0,512.0,204,12.0
TN,5,2021,26503601,21857839.0,4645762.0,16645,5122.0,383197,308484.0,74713.0,259,42.0
TN,6,2020,1056276,1049436.0,6840.0,24879,197.0,15795,15081.0,714.0,211,6.0
TN,6,2021,25933933,21349860.0,4584073.0,5577,1740.0,376257,303026.0,73231.0,121,18.0
TN,7,2020,2499432,2472965.0,26467.0,59655,1210.0,27619,26523.0,1096.0,563,19.0
TN,7,2021,21837507,17947957.0,3889550.0,16521,5147.0,315948,254649.0,61299.0,82,7.0
TN,8,2020,4159127,4072341.0,86786.0,46049,2476.0,49088,47236.0,1852.0,731,33.0
TN,9,2020,5327451,5152285.0,175166.0,42331,3742.0,68844,65925.0,2919.0,693,39.0
TN,10,2020,7136049,6780886.0,355163.0,70595,7783.0,95605,90479.0,5126.0,979,107.0
TN,11,2020,9944318,9233209.0,711109.0,127208,17358.0,129463,118951.0,10512.0,1545,285.0
TN,12,2020,15684534,14029578.0,1654956.0,210535,44517.0,199191,173865.0,25326.0,2626,692.0
TX,1,2020,0,0.0,0.0,0,0.0,0,0.0,0.0,0,0.0
TX,1,2021,64340630,0.0,0.0,604460,96567.0,1130815,0.0,0.0,9907,0.0
TX,2,2020,0,0.0,0.0,0,0.0,0,0.0,0.0,0,0.0
TX,2,2021,71184292,0.0,0.0,283392,55400.0,1238051,0.0,0.0,5213,0.0
TX,3,2020,17003,0.0,0.0,3266,0.0,511,0.0,0.0,101,0.0
TX,3,2021,84422908,0.0,0.0,139281,31103.0,1481807,0.0,0.0,2322,0.0
TX,4,2020,475240,0.0,0.0,24821,0.0,16235,0.0,0.0,893,0.0
TX,4,2021,85013477,0.0,0.0,99922,25140.0,1481106,0.0,0.0,1221,0.0
TX,5,2020,1430663,0.0,0.0,36200,0.0,46552,0.0,0.0,925,0.0
TX,5,2021,90476817,0.0,0.0,60617,13436.0,1564924,0.0,0.0,983,0.0
TX,6,2020,2998477,0.0,0.0,95699,0.0,73475,0.0,0.0,1348,0.0
TX,6,2021,89056497,0.0,0.0,44613,15849.0,1536879,0.0,0.0,534,0.0
TX,7,2020,9121399,0.0,0.0,260960,0.0,196891,0.0,0.0,6683,0.0
TX,7,2021,75449242,0.0,0.0,75118,18576.0,1289888,0.0,0.0,386,0.0
TX,8,2020,16446299,0.0,0.0,192023,0.0,396942,0.0,0.0,4830,0.0
TX,9,2020,20346141,0.0,0.0,135998,0.0,479269,0.0,0.0,2132,0.0
TX,10,2020,25398471,0.0,0.0,151629,0.0,559796,0.0,0.0,2559,0.0
TX,11,2020,33609428,0.0,0.0,310361,42846.0,653484,0.0,0.0,4784,0.0
TX,12,2020,47191836,0.0,0.0,477740,94601.0,858714,0.0,0.0,7027,0.0
UT,1,2020,0,0.0,0.0,0,0.0,0,0.0,0.0,0,0.0
UT,1,2021,9845394,9845394.0,0.0,70012,0.0,45771,44593.0,1178.0,396,21.0
UT,2,2020,0,0.0,0.0,0,0.0,0,0.0,0.0,0,0.0
UT,2,2021,10101048,10101048.0,0.0,24611,0.0,50350,48820.0,1530.0,270,10.0
UT,3,2020,5515,0.0,0.0,934,0.0,23,0.0,0.0,5,0.0
UT,3,2021,11749981,11749981.0,0.0,14406,0.0,63055,61274.0,1781.0,187,3.0
UT,4,2020,83665,47073.0,0.0,3819,0.0,742,437.0,0.0,41,0.0
UT,4,2021,11752199,11752199.0,0.0,11682,0.0,64942,63084.0,1858.0,80,6.0
UT,5,2020,224033,224033.0,0.0,5191,0.0,2519,2519.0,0.0,67,0.0
UT,5,2021,12471363,12471363.0,0.0,8847,0.0,69997,67898.0,2099.0,100,5.0
UT,6,2020,469044,468629.0,415.0,12802,212.0,4330,4330.0,0.0,60,0.0
UT,6,2021,12311711,12311711.0,0.0,8969,0.0,69866,67756.0,2110.0,59,1.0
UT,7,2020,1005028,996693.0,8335.0,18051,127.0,7330,7330.0,0.0,134,0.0
UT,7,2021,10526928,10526928.0,0.0,11279,0.0,60058,58283.0,1775.0,54,0.0
UT,8,2020,1462786,1450614.0,12172.0,11995,109.0,11298,11298.0,0.0,101,0.0
UT,9,2020,1845750,1837641.0,8109.0,20250,-448.0,13057,13044.0,13.0,51,3.0
UT,10,2020,2870716,2870716.0,0.0,41614,0.0,16573,16424.0,149.0,145,4.0
UT,11,2020,4665172,4665172.0,0.0,81050,0.0,21941,21559.0,382.0,267,9.0
UT,12,2020,7428927,7428927.0,0.0,80906,0.0,33713,33103.0,610.0,398,9.0
VA,1,2020,0,0.0,0.0,0,0.0,0,0.0,0.0,0,0.0
VA,1,2021,13509881,11017299.0,2492582.0,152873,43336.0,178334,156890.0,21444.0,1393,205.0
VA,2,2020,0,0.0,0.0,0,0.0,0,0.0,0.0,0,0.0
VA,2,2021,15378401,12191883.0,3186518.0,69534,21390.0,203280,174961.0,28319.0,2309,445.0
VA,3,2020,7643,0.0,0.0,1484,0.0,178,0.0,0.0,34,0.0
VA,3,2021,18579263,14588982.0,3990281.0,43628,13325.0,308243,258950.0,49293.0,1486,401.0
VA,4,2020,236190,153208.0,5439.0,15417,877.0,7491,5380.0,58.0,547,9.0
VA,4,2021,19282181,15017635.0,4264546.0,39751,11326.0,316622,265724.0,50898.0,508,63.0
VA,5,2020,948321,902710.0,45611.0,28497,1359.0,31305,29961.0,1344.0,811,101.0
VA,5,2021,20767302,16159724.0,4607578.0,15044,2780.0,341394,287918.0,53476.0,417,28.0
VA,6,2020,1661704,1588316.0,73388.0,17389,512.0,47427,44285.0,3142.0,371,-5.0
VA,6,2021,20346646,15836114.0,4510532.0,4967,1022.0,339652,286676.0,52976.0,225,36.0
VA,7,2020,2356514,2264525.0,91989.0,28014,771.0,62007,58749.0,3258.0,452,5.0
VA,7,2021,17105994,13297215.0,3808779.0,8516,3393.0,286621,241945.0,44676.0,88,13.0
VA,8,2020,3321403,3184568.0,136835.0,30814,1887.0,74566,70889.0,3677.0,397,23.0
VA,9,2020,4096926,3902805.0,194121.0,27106,2410.0,87099,81966.0,5133.0,616,80.0
VA,10,2020,5119350,4800473.0,318877.0,33672,5986.0,106874,99443.0,7431.0,427,43.0
VA,11,2020,6253472,5658466.0,595006.0,57671,13430.0,115557,106792.0,8765.0,438,87.0
VA,12,2020,9191057,7894017.0,1297040.0,114703,30566.0,141230,127043.0,14187.0,988,260.0
VI,1,2020,0,0.0,0.0,0,0.0,0,0.0,0.0,0,0.0
VI,1,2021,69342,0.0,0.0,385,0.0,741,0.0,0.0,1,0.0
VI,2,2020,0,0.0,0.0,0,0.0,0,0.0,0.0,0,0.0
VI,2,2021,70987,0.0,0.0,225,0.0,691,0.0,0.0,1,0.0
VI,3,2020,233,0.0,0.0,30,0.0,0,0.0,0.0,0,0.0
VI,3,2021,86891,0.0,0.0,261,0.0,781,0.0,0.0,1,0.0
VI,4,2020,1525,0.0,0.0,36,0.0,58,0.0,0.0,4,0.0
VI,4,2021,90548,0.0,0.0,218,0.0,792,0.0,0.0,1,0.0
VI,5,2020,2119,0.0,0.0,3,0.0,165,0.0,0.0,2,0.0
VI,5,2021,102071,0.0,0.0,333,0.0,837,0.0,0.0,0,0.0
VI,6,2020,2242,0.0,0.0,21,0.0,180,0.0,0.0,0,0.0
VI,6,2021,111565,0.0,0.0,421,0.0,872,0.0,0.0,3,0.0
VI,7,2020,7728,0.0,0.0,331,0.0,200,0.0,0.0,2,0.0
VI,7,2021,102562,0.0,0.0,496,0.0,804,0.0,0.0,5,0.0
VI,8,2020,23989,0.0,0.0,718,0.0,319,0.0,0.0,7,0.0
VI,9,2020,37126,0.0,0.0,179,0.0,551,0.0,0.0,5,0.0
VI,10,2020,41417,0.0,0.0,60,0.0,637,0.0,0.0,1,0.0
VI,11,2020,43706,0.0,0.0,172,0.0,686,0.0,0.0,2,0.0
VI,12,2020,56977,0.0,0.0,486,0.0,713,0.0,0.0,0,0.0
VT,1,2020,0,0.0,0.0,0,0.0,0,0.0,0.0,0,0.0
VT,1,2021,283200,0.0,0.0,4109,106.0,5089,0.0,0.0,34,3.0
VT,2,2020,0,0.0,0.0,0,0.0,0,0.0,0.0,0,0.0
VT,2,2021,355207,0.0,0.0,2969,75.0,5386,0.0,0.0,25,0.0
VT,3,2020,1646,0.0,0.0,271,0.0,101,0.0,0.0,16,0.0
VT,3,2021,493641,0.0,0.0,3924,75.0,6586,0.0,0.0,19,0.0
VT,4,2020,19610,0.0,0.0,521,0.0,1005,0.0,0.0,32,0.0
VT,4,2021,603804,0.0,0.0,3504,104.0,7045,0.0,0.0,19,0.0
VT,5,2020,26576,0.0,0.0,108,0.0,1629,0.0,0.0,6,0.0
VT,5,2021,689478,0.0,0.0,1185,66.0,7638,0.0,0.0,6,0.0
VT,6,2020,30793,0.0,0.0,203,0.0,1634,0.0,0.0,1,0.0
VT,6,2021,682752,0.0,0.0,167,14.0,7469,0.0,0.0,2,0.0
VT,7,2020,37479,0.0,0.0,192,0.0,1728,0.0,0.0,2,0.0
VT,7,2021,573172,0.0,0.0,228,10.0,6257,0.0,0.0,1,1.0
VT,8,2020,42808,0.0,0.0,185,0.0,1767,0.0,0.0,0,0.0
VT,9,2020,46558,0.0,0.0,127,3.0,1710,0.0,0.0,0,0.0
VT,10,2020,55289,0.0,0.0,414,8.0,1767,0.0,0.0,0,0.0
VT,11,2020,87632,0.0,0.0,2013,79.0,1840,0.0,0.0,15,0.0
VT,12,2020,174463,0.0,0.0,2932,88.0,3414,0.0,0.0,73,4.0
WA,1,2020,9,0.0,0.0,1,0.0,0,0.0,0.0,0,0.0
WA,1,2021,8820513,0.0,0.0,66279,4833.0,120463,0.0,0.0,824,0.0
WA,2,2020,29,0.0,0.0,0,0.0,1,0.0,0.0,1,0.0
WA,2,2021,9186026,0.0,0.0,27424,4219.0,130927,0.0,0.0,671,0.0
WA,3,2020,44965,0.0,0.0,5340,0.0,2261,0.0,0.0,194,0.0
WA,3,2021,10903889,0.0,0.0,24184,4281.0,159116,0.0,0.0,291,0.0
WA,4,2020,317214,0.0,0.0,9067,0.0,16721,0.0,0.0,619,0.0
WA,4,2021,11498224,0.0,0.0,38608,6439.0,161121,0.0,0.0,252,0.0
WA,5,2020,565157,0.0,0.0,7353,0.0,30545,0.0,0.0,304,0.0
WA,5,2021,13073817,0.0,0.0,33767,5000.0,174847,0.0,0.0,266,0.0
WA,6,2020,803066,0.0,0.0,11065,2.0,36775,0.0,0.0,214,0.0
WA,6,2021,13354673,0.0,0.0,14920,2398.0,175183,0.0,0.0,165,0.0
WA,7,2020,1379399,0.0,0.0,23919,106.0,44671,0.0,0.0,232,0.0
WA,7,2021,11459258,0.0,0.0,14640,2625.0,150310,0.0,0.0,148,0.0
WA,8,2020,2077756,0.0,0.0,18469,464.0,54873,0.0,0.0,351,0.0
WA,9,2020,2457886,0.0,0.0,13687,710.0,60631,0.0,0.0,211,0.0
WA,10,2020,3069389,0.0,0.0,21135,836.0,69488,0.0,0.0,240,0.0
WA,11,2020,4091494,0.0,0.0,59558,2658.0,76604,0.0,0.0,408,0.0
WA,12,2020,6578736,0.0,0.0,76819,4864.0,94663,0.0,0.0,687,0.0
WI,1,2020,0,0.0,0.0,0,0.0,0,0.0,0.0,0,0.0
WI,1,2021,17417378,16013179.0,1404199.0,71702,10389.0,181066,167029.0,14037.0,1192,155.0
WI,2,2020,0,0.0,0.0,0,0.0,0,0.0,0.0,0,0.0
WI,2,2021,16987494,15535851.0,1451643.0,25227,3682.0,189167,173006.0,16161.0,580,64.0
WI,3,2020,8905,0.0,0.0,1351,0.0,104,0.0,0.0,16,0.0
WI,3,2021,19427987,17685357.0,1742630.0,18674,5439.0,222768,202729.0,20039.0,301,91.0
WI,4,2020,118747,66060.0,0.0,5503,0.0,5323,3200.0,0.0,300,0.0
WI,4,2021,19469004,17646810.0,1822194.0,24409,3457.0,222440,201155.0,21285.0,235,34.0
WI,5,2020,383886,383886.0,0.0,11549,0.0,13919,13919.0,0.0,276,0.0
WI,5,2021,20739004,18771197.0,1967807.0,13970,1951.0,238845,215495.0,23350.0,306,51.0
WI,6,2020,751903,699648.0,52255.0,13259,3003.0,21170,21046.0,124.0,199,7.0
WI,6,2021,20289443,18351878.0,1937565.0,3202,567.0,240774,216508.0,24266.0,272,42.0
WI,7,2020,1354496,1245160.0,109336.0,25272,991.0,26345,26135.0,210.0,150,0.0
WI,7,2021,16987333,15358645.0,1628688.0,4455,753.0,204704,183943.0,20761.0,112,22.0
WI,8,2020,2163355,2023360.0,139995.0,23634,971.0,32409,32182.0,227.0,189,1.0
WI,9,2020,3029055,2855768.0,173287.0,48555,1884.0,36868,36610.0,258.0,207,2.0
WI,10,2020,5501628,5219820.0,281808.0,108747,5651.0,50299,49623.0,676.0,755,51.0
WI,11,2020,9931427,9385565.0,545862.0,173860,11995.0,84255,80678.0,3577.0,1402,120.0
WI,12,2020,14724485,13694597.0,1029888.0,108708,14841.0,139374,130248.0,9126.0,1748,202.0
WV,1,2020,0,0.0,0.0,0,0.0,0,0.0,0.0,0,0.0
WV,1,2021,3300070,2655550.0,644520.0,35667,8097.0,53239,0.0,0.0,686,148.0
WV,2,2020,0,0.0,0.0,0,0.0,0,0.0,0.0,0,0.0
WV,2,2021,3563232,2852586.0,710646.0,10854,2605.0,61450,0.0,0.0,276,51.0
WV,3,2020,870,0.0,0.0,162,0.0,3,0.0,0.0,1,0.0
WV,3,2021,4227093,3366672.0,860421.0,9883,2893.0,77397,0.0,0.0,211,94.0
WV,4,2020,21213,12117.0,0.0,963,0.0,511,0.0,0.0,43,0.0
WV,4,2021,4432742,3496918.0,935824.0,11390,3294.0,82347,0.0,0.0,3,-1.0
WV,5,2020,47425,46952.0,473.0,885,57.0,1951,0.0,0.0,31,0.0
WV,5,2021,4902226,3841231.0,1060995.0,8585,2574.0,85255,0.0,0.0,113,15.0
WV,6,2020,71799,69413.0,2386.0,895,44.0,2613,0.0,0.0,18,0.0
WV,6,2021,4894406,3823998.0,1070408.0,2328,579.0,85506,0.0,0.0,81,15.0
WV,7,2020,145677,141864.0,3813.0,3737,39.0,3101,0.0,0.0,23,0.0
WV,7,2021,4119873,3218306.0,901567.0,1661,415.0,72832,0.0,0.0,45,6.0
WV,8,2020,262522,257358.0,5164.0,3608,44.0,4966,0.0,0.0,98,2.0
WV,9,2020,394496,385396.0,9100.0,5598,271.0,8578,0.0,0.0,136,1.0
WV,10,2020,609037,579809.0,29228.0,8612,1430.0,12325,0.0,0.0,107,2.0
WV,11,2020,1046816,923358.0,123458.0,23382,5110.0,17759,0.0,0.0,278,31.0
WV,12,2020,2081323,1727152.0,354171.0,37492,8833.0,32316,0.0,0.0,603,110.0
WY,1,2020,0,0.0,0.0,0,0.0,0,0.0,0.0,0,0.0
WY,1,2021,1509246,1289453.0,219793.0,7503,1209.0,16289,16289.0,0.0,158,0.0
WY,2,2020,0,0.0,0.0,0,0.0,0,0.0,0.0,0,0.0
WY,2,2021,1491294,1268845.0,222449.0,2482,710.0,18153,18153.0,0.0,75,0.0
WY,3,2020,739,0.0,0.0,120,0.0,0,0.0,0.0,0,0.0
WY,3,2021,1716641,1453556.0,263085.0,1916,338.0,21393,21393.0,0.0,29,0.0
WY,4,2020,10842,6162.0,2154.0,439,144.0,82,80.0,0.0,7,0.0
WY,4,2021,1716386,1451782.0,264604.0,1832,385.0,21091,21091.0,0.0,7,0.0
WY,5,2020,22805,17272.0,5533.0,344,66.0,301,299.0,2.0,10,0.0
WY,5,2021,1836129,1548871.0,287258.0,2164,463.0,22099,22099.0,0.0,12,0.0
WY,6,2020,33714,26529.0,7185.0,584,93.0,555,555.0,0.0,3,0.0
WY,6,2021,1839892,1547994.0,291898.0,1984,470.0,21921,21921.0,0.0,28,0.0
WY,7,2020,63980,52063.0,11917.0,1239,169.0,709,709.0,0.0,6,0.0
WY,7,2021,1582082,1326015.0,256067.0,1961,505.0,18908,18908.0,0.0,19,0.0
WY,8,2020,102359,86319.0,16040.0,1116,106.0,992,992.0,0.0,11,0.0
WY,9,2020,140057,118626.0,21431.0,2106,324.0,1375,1375.0,0.0,13,0.0
WY,10,2020,279238,236946.0,42292.0,7350,1120.0,1926,1926.0,0.0,37,0.0
WY,11,2020,698300,600234.0,98066.0,20007,2230.0,4563,4563.0,0.0,128,0.0
WY,12,2020,1239260,1071475.0,167785.0,11104,2147.0,10232,10232.0,0.0,223,0.0
